fighter_id,fighter_height_cm,fighter_weight_lbs,fighter_reach_cm,fighter_stance,fighter_dob,fighter_w,fighter_l,fighter_d,fighter_nc_dq
4105,172.72,155.0,167.64,Orthodox,1994-02-01,28,4,0,0.0
4102,190.5,235.0,193.04,Orthodox,1981-09-02,20,8,0,0.0
4100,180.34,170.0,180.34,Orthodox,1991-11-27,6,2,0,0.0
4094,175.26,170.0,190.5,Orthodox,1991-06-22,6,2,0,0.0
4091,185.42,185.0,193.04,Orthodox,1988-01-13,8,2,0,0.0
4090,165.1,125.0,165.1,Southpaw,1992-07-29,4,4,0,0.0
4089,193.04,185.0,203.2,Switch,1989-07-22,24,3,0,0.0
4086,167.64,125.0,172.72,Southpaw,1997-04-07,10,4,0,0.0
4082,160.02,115.0,160.02,Orthodox,1982-05-08,20,8,0,0.0
4081,170.18,155.0,185.42,Orthodox,1988-09-07,17,5,0,0.0
4080,162.56,125.0,157.48,Orthodox,1996-03-13,9,2,0,0.0
4079,175.26,170.0,182.88,Switch,1991-11-25,14,8,0,0.0
4078,175.26,135.0,187.96,Southpaw,1996-01-15,7,1,0,0.0
4076,172.72,135.0,180.34,Switch,1994-06-19,6,2,0,0.0
4072,177.8,170.0,182.88,Switch,1991-12-19,6,2,0,0.0
4070,172.72,155.0,175.26,Orthodox,1995-04-10,15,3,0,0.0
4069,187.96,245.0,195.58,Orthodox,1973-07-14,6,6,0,0.0
4068,187.96,205.0,190.5,Orthodox,1991-06-07,5,1,0,0.0
4065,165.1,125.0,172.72,Orthodox,1993-10-27,17,1,0,0.0
4063,172.72,135.0,172.72,Orthodox,1986-10-13,6,5,0,0.0
4060,157.48000000000002,115.0,160.02,Orthodox,1990-07-14,3,2,0,0.0
4056,187.96,185.0,198.12,Orthodox,1982-11-18,21,11,0,0.0
4053,175.26,135.0,172.72,Orthodox,1988-03-26,14,7,0,0.0
4052,180.34,170.0,182.88,Orthodox,1988-08-17,4,3,0,0.0
4050,170.18,135.0,177.8,Orthodox,1986-09-09,31,8,0,0.0
4049,165.1,125.0,170.18,Southpaw,1992-09-29,12,6,0,0.0
4048,172.72,135.0,170.18,Orthodox,1990-06-27,5,1,0,0.0
4042,180.34,145.0,185.42,Orthodox,1995-07-28,8,3,0,0.0
4041,182.88,185.0,190.5,Southpaw,1989-05-05,17,4,0,0.0
4037,182.88,145.0,185.42,Switch,1989-06-09,17,7,0,0.0
4034,180.34,170.0,187.96,Orthodox,1984-09-17,15,3,0,0.0
4033,177.8,155.0,182.88,Orthodox,2000-12-08,9,0,0,0.0
4032,182.88,185.0,193.04,Southpaw,1992-12-07,14,1,0,0.0
4031,182.88,185.0,187.96,Orthodox,1989-07-14,10,2,0,0.0
4028,172.72,145.0,177.8,Southpaw,1994-01-22,19,2,0,0.0
4027,187.96,185.0,190.5,Orthodox,1995-12-28,22,5,0,0.0
4026,182.88,155.0,190.5,Southpaw,1992-08-10,5,0,0,0.0
4025,180.34,170.0,193.04,Orthodox,1981-02-19,18,8,0,0.0
4024,162.56,125.0,165.1,Orthodox,1994-01-25,18,2,0,0.0
4023,182.88,170.0,187.96,Orthodox,1976-11-29,13,5,0,0.0
4021,170.18,145.0,177.8,Southpaw,1991-07-31,22,5,0,0.0
4018,190.5,205.0,200.66,Orthodox,1991-06-26,19,2,0,0.0
4017,180.34,145.0,180.34,Orthodox,1991-01-31,14,2,0,0.0
4016,185.42,185.0,187.96,Orthodox,1988-03-23,4,0,0,0.0
4014,162.56,135.0,160.02,Southpaw,1991-06-01,9,6,0,0.0
4013,167.64,135.0,172.72,Orthodox,1990-09-23,8,5,0,0.0
4011,172.72,125.0,177.8,Switch,1991-01-23,12,3,0,0.0
4009,162.56,115.0,162.56,Orthodox,1996-05-08,9,3,0,0.0
4006,172.72,125.0,175.26,Orthodox,1988-03-08,6,1,0,0.0
4005,190.5,155.0,195.58,Orthodox,1993-03-02,20,3,0,0.0
4001,180.34,170.0,182.88,Orthodox,1991-01-04,15,6,0,0.0
4000,172.72,155.0,172.72,Orthodox,1990-11-14,20,12,0,0.0
3995,157.48000000000002,115.0,157.48,Orthodox,1995-06-08,11,6,0,0.0
3991,177.8,185.0,187.96,Orthodox,1988-04-06,8,4,0,0.0
3990,175.26,145.0,177.8,Switch,1990-05-28,8,0,0,0.0
3989,177.8,145.0,182.88,Southpaw,1988-11-08,17,9,0,0.0
3988,160.02,115.0,172.72,Orthodox,1995-06-24,7,1,0,0.0
3981,190.5,205.0,200.66,Orthodox,1989-09-22,14,5,0,0.0
3979,182.88,145.0,182.88,Orthodox,1990-02-11,11,5,0,0.0
3976,154.94,115.0,157.48,Orthodox,1991-09-25,24,12,0,0.0
3975,180.34,170.0,190.5,Orthodox,1984-03-08,19,6,0,0.0
3973,170.18,125.0,182.88,Orthodox,1995-08-20,12,1,0,0.0
3969,170.18,145.0,172.72,Orthodox,1989-01-13,13,3,0,0.0
3967,175.26,145.0,180.34,Orthodox,1993-02-20,8,3,0,0.0
3966,167.64,135.0,162.56,Orthodox,1986-12-01,12,6,0,0.0
3963,180.34,205.0,177.8,Orthodox,1987-02-09,20,8,0,0.0
3962,165.1,125.0,160.02,Orthodox,1982-02-28,12,3,0,0.0
3959,170.18,170.0,177.8,Orthodox,1985-12-01,10,3,0,0.0
3957,170.18,135.0,175.26,Orthodox,1993-06-25,24,10,0,0.0
3950,162.56,125.0,172.72,Orthodox,1986-11-21,11,5,0,0.0
3949,170.18,135.0,177.8,Southpaw,1989-10-27,18,6,0,0.0
3943,187.96,185.0,190.5,Orthodox,1989-09-11,6,1,0,0.0
3941,167.64,135.0,177.8,Orthodox,1996-10-09,9,3,0,0.0
3939,182.88,145.0,182.88,Orthodox,1991-10-22,16,6,0,0.0
3937,177.8,185.0,182.88,Orthodox,1996-06-06,6,1,0,0.0
3934,177.8,170.0,182.88,Orthodox,1982-09-01,3,3,0,0.0
3933,190.5,185.0,185.42,Orthodox,1989-07-01,9,5,0,0.0
3929,185.42,185.0,185.42,Switch,1989-12-27,14,5,0,0.0
3927,175.26,155.0,172.72,Orthodox,1995-03-31,7,1,0,0.0
3925,170.18,145.0,175.26,Orthodox,1994-08-19,11,1,0,0.0
3922,172.72,145.0,175.26,Orthodox,1995-02-13,23,1,0,0.0
3921,190.5,185.0,190.5,Southpaw,1988-05-20,14,4,0,0.0
3919,190.5,205.0,195.58,Orthodox,1996-04-23,12,1,0,0.0
3916,175.26,145.0,182.88,Orthodox,1981-06-24,16,6,0,0.0
3915,165.1,135.0,167.64,Orthodox,1982-07-19,28,10,0,0.0
3913,177.8,170.0,182.88,Orthodox,1977-06-16,10,5,0,0.0
3912,175.26,155.0,177.8,Southpaw,1989-02-23,11,5,0,0.0
3909,177.8,155.0,187.96,Orthodox,1973-08-18,22,10,0,0.0
3903,170.18,135.0,172.72,Orthodox,1988-05-11,9,2,0,0.0
3900,182.88,155.0,185.42,Orthodox,1992-05-31,16,6,0,0.0
3898,172.72,155.0,180.34,Switch,1990-02-20,13,2,0,0.0
3895,172.72,145.0,175.26,Orthodox,1992-03-02,9,2,0,0.0
3891,187.96,205.0,187.96,Orthodox,1983-06-07,23,5,0,0.0
3889,187.96,170.0,187.96,Orthodox,1992-08-23,10,3,0,0.0
3888,162.56,125.0,165.1,Orthodox,1985-06-10,15,6,0,0.0
3886,175.26,145.0,177.8,Southpaw,1992-01-28,8,2,0,0.0
3884,190.5,155.0,190.5,Orthodox,1997-08-27,14,5,0,0.0
3882,175.26,155.0,190.5,Southpaw,1982-09-22,16,11,0,0.0
3877,175.26,145.0,182.88,Orthodox,1992-03-31,23,4,0,0.0
3876,180.34,185.0,198.12,Switch,1987-08-04,6,4,0,0.0
3872,175.26,155.0,180.34,Switch,1983-04-15,18,10,0,0.0
3870,165.1,115.0,165.1,Switch,1993-10-23,5,1,0,0.0
3866,165.1,125.0,165.1,Switch,1998-05-18,13,2,0,0.0
3865,182.88,170.0,182.88,Southpaw,1989-05-03,18,11,0,0.0
3864,167.64,125.0,167.64,Orthodox,1992-05-08,6,2,0,0.0
3863,180.34,145.0,190.5,Orthodox,1986-01-21,23,11,0,0.0
3862,170.18,135.0,170.18,Orthodox,1987-05-01,17,5,0,0.0
3861,167.64,125.0,167.64,Orthodox,1988-12-10,16,6,0,0.0
3860,187.96,170.0,200.66,Southpaw,1995-08-02,7,0,0,0.0
3859,198.12,185.0,195.58,Orthodox,1988-04-13,13,4,0,0.0
3858,172.72,135.0,180.34,Orthodox,1982-05-28,14,5,0,0.0
3847,177.8,145.0,185.42,Southpaw,1986-08-10,11,5,0,0.0
3841,180.34,235.0,187.96,Orthodox,1979-07-07,8,7,0,0.0
3840,177.8,170.0,182.88,Orthodox,1992-07-03,4,2,0,0.0
3838,175.26,135.0,175.26,Orthodox,1995-09-07,14,0,0,0.0
3837,172.72,135.0,180.34,Orthodox,1997-08-02,11,0,0,0.0
3831,185.42,170.0,195.58,Orthodox,1994-09-21,11,2,0,0.0
3829,175.26,135.0,175.26,Switch,1993-07-01,13,2,0,0.0
3828,170.18,125.0,175.26,Orthodox,1985-08-06,10,5,0,0.0
3827,187.96,185.0,198.12,Orthodox,1989-11-05,7,2,0,0.0
3824,167.64,125.0,167.64,Southpaw,1990-09-16,4,5,0,0.0
3820,180.34,170.0,187.96,Orthodox,1997-01-13,14,3,0,0.0
3816,172.72,145.0,177.8,Orthodox,1991-02-16,13,4,0,0.0
3815,170.18,115.0,172.72,Orthodox,1996-06-26,15,7,0,0.0
3814,187.96,185.0,190.5,Orthodox,1984-04-24,18,8,0,0.0
3812,195.58,185.0,200.66,Orthodox,1987-07-07,5,3,0,0.0
3811,190.5,205.0,190.5,Orthodox,1996-02-05,10,2,0,0.0
3810,182.88,155.0,187.96,Southpaw,1994-07-21,12,5,0,0.0
3808,172.72,125.0,175.26,Orthodox,1986-05-18,8,6,0,0.0
3807,162.56,125.0,165.1,Southpaw,1984-07-31,28,8,0,0.0
3803,172.72,155.0,180.34,Southpaw,1988-06-15,23,11,0,0.0
3799,180.34,170.0,182.88,Southpaw,1988-08-26,7,2,0,0.0
3797,165.1,125.0,172.72,Orthodox,1989-08-25,10,8,0,0.0
3790,167.64,155.0,167.64,Orthodox,1986-12-13,17,9,0,0.0
3789,177.8,145.0,180.34,Orthodox,1994-07-16,14,2,0,0.0
3788,162.56,135.0,172.72,Orthodox,1987-03-04,6,4,0,0.0
3777,185.42,245.0,190.5,Orthodox,1986-05-13,9,1,0,0.0
3776,193.04,185.0,198.12,Switch,1991-10-12,8,2,0,0.0
3775,165.1,125.0,165.1,Orthodox,1988-08-22,14,2,0,0.0
3774,177.8,155.0,180.34,Orthodox,1979-06-06,24,12,0,0.0
3769,172.72,135.0,175.26,Orthodox,1986-05-16,16,8,0,0.0
3767,185.42,185.0,190.5,Orthodox,1979-02-28,30,9,0,0.0
3765,182.88,185.0,190.5,Orthodox,1991-05-22,14,7,0,0.0
3757,180.34,155.0,190.5,Orthodox,1993-08-16,5,1,0,0.0
3755,162.56,125.0,167.64,Orthodox,1999-05-04,12,1,0,0.0
3751,175.26,125.0,180.34,Orthodox,2001-11-30,7,1,0,0.0
3746,172.72,155.0,190.5,Orthodox,1981-10-24,12,5,0,0.0
3745,170.18,145.0,177.8,Orthodox,1987-02-05,8,5,0,0.0
3744,193.04,205.0,205.74,Orthodox,1989-02-13,8,3,0,0.0
3742,182.88,185.0,187.96,Orthodox,1981-01-28,21,13,0,0.0
3741,180.34,170.0,182.88,Switch,1982-05-22,5,3,0,0.0
3739,172.72,155.0,185.42,Orthodox,1990-12-15,10,1,0,0.0
3734,170.18,135.0,175.26,Orthodox,1992-09-14,7,3,0,0.0
3732,167.64,125.0,175.26,Orthodox,1992-06-27,16,5,0,0.0
3729,185.42,170.0,182.88,Orthodox,1997-08-20,15,0,0,0.0
3728,172.72,155.0,180.34,Orthodox,1995-12-28,19,4,0,0.0
3725,193.04,205.0,200.66,Orthodox,1977-04-04,15,9,0,0.0
3723,162.56,135.0,160.02,Orthodox,1993-08-04,13,5,0,0.0
3721,165.1,125.0,172.72,Orthodox,1997-12-06,9,1,0,0.0
3720,172.72,170.0,182.88,Switch,1988-05-24,7,1,0,0.0
3718,187.96,185.0,198.12,Switch,1996-07-18,3,1,0,0.0
3717,180.34,155.0,175.26,Orthodox,1992-01-08,7,3,0,0.0
3715,180.34,205.0,182.88,Orthodox,1981-07-29,12,2,0,0.0
3712,172.72,125.0,170.18,Orthodox,1988-12-15,8,5,0,0.0
3703,190.5,185.0,185.42,Orthodox,1993-12-22,9,5,0,0.0
3702,170.18,135.0,177.8,Orthodox,1980-06-22,10,3,0,0.0
3694,177.8,170.0,182.88,Orthodox,1992-11-23,15,1,0,0.0
3692,177.8,170.0,182.88,Orthodox,1992-11-17,10,4,0,0.0
3690,185.42,185.0,198.12,Orthodox,1981-09-26,22,6,0,0.0
3689,170.18,145.0,162.56,Orthodox,1987-05-27,22,11,0,0.0
3686,172.72,145.0,180.34,Southpaw,1993-09-21,11,3,0,0.0
3684,177.8,155.0,177.8,Orthodox,1989-04-21,10,6,0,0.0
3683,190.5,185.0,185.42,Southpaw,1991-09-26,12,3,0,0.0
3682,177.8,155.0,182.88,Orthodox,1997-09-27,15,3,0,0.0
3680,177.8,155.0,177.8,Orthodox,1981-02-09,19,8,0,0.0
3677,190.5,205.0,193.04,Southpaw,1996-04-01,11,1,0,0.0
3675,162.56,135.0,180.34,Southpaw,1985-04-06,7,7,0,0.0
3670,180.34,170.0,182.88,Orthodox,1997-03-26,16,5,0,0.0
3666,182.88,145.0,187.96,Southpaw,1985-08-13,16,10,0,0.0
3665,177.8,155.0,182.88,Orthodox,1986-10-08,18,4,0,0.0
3664,160.02,125.0,157.48,Switch,1993-05-02,13,2,0,0.0
3660,167.64,145.0,177.8,Orthodox,1975-09-08,26,9,0,0.0
3654,190.5,170.0,198.12,Orthodox,1990-07-08,17,5,0,0.0
3653,177.8,155.0,172.72,Orthodox,1984-12-25,17,12,0,0.0
3652,175.26,145.0,182.88,Switch,1990-05-22,17,10,0,0.0
3646,182.88,185.0,182.88,Orthodox,1994-05-16,9,5,0,0.0
3643,185.42,185.0,195.58,Southpaw,1984-01-04,23,9,0,0.0
3638,182.88,155.0,185.42,Orthodox,1983-08-22,15,10,0,0.0
3635,177.8,170.0,193.04,Southpaw,1994-04-27,16,6,0,0.0
3632,182.88,185.0,190.5,Switch,2000-01-14,7,2,0,0.0
3631,175.26,145.0,172.72,Orthodox,1974-08-08,13,4,0,0.0
3627,190.5,205.0,198.12,Switch,1994-02-10,15,5,0,0.0
3623,170.18,125.0,175.26,Orthodox,1989-10-29,13,6,0,0.0
3622,180.34,145.0,190.5,Orthodox,1991-03-19,15,3,0,0.0
3620,185.42,170.0,187.96,Switch,1997-05-19,6,1,0,0.0
3619,172.72,145.0,175.26,Orthodox,1994-03-06,9,3,0,0.0
3617,177.8,170.0,187.96,Orthodox,1980-03-03,12,7,0,0.0
3616,177.8,170.0,180.34,Orthodox,1986-07-20,22,6,0,0.0
3614,175.26,145.0,185.42,Orthodox,1988-02-02,11,4,0,0.0
3608,177.8,155.0,185.42,Orthodox,1994-06-09,8,4,0,0.0
3599,177.8,145.0,185.42,Orthodox,1992-05-24,12,5,0,0.0
3598,165.1,135.0,170.18,Orthodox,1996-04-30,9,6,0,0.0
3597,175.26,145.0,177.8,Switch,1997-10-01,8,3,0,0.0
3596,177.8,185.0,185.42,Orthodox,1983-10-11,10,7,0,0.0
3593,180.34,155.0,185.42,Orthodox,1983-05-13,13,3,0,0.0
3590,167.64,145.0,172.72,Orthodox,1989-11-07,7,4,0,0.0
3589,170.18,125.0,165.1,Orthodox,1988-08-19,12,5,0,0.0
3582,177.8,155.0,185.42,Orthodox,1989-05-18,22,10,0,0.0
3580,187.96,185.0,190.5,Orthodox,1986-11-20,24,13,0,0.0
3579,187.96,170.0,198.12,Orthodox,1991-06-24,7,5,0,0.0
3575,182.88,155.0,180.34,Orthodox,1987-01-21,14,6,0,0.0
3574,182.88,155.0,182.88,Orthodox,1995-07-03,8,2,0,0.0
3570,175.26,125.0,177.8,Orthodox,1986-05-27,14,6,0,0.0
3569,185.42,205.0,187.96,Orthodox,1995-09-25,6,3,0,0.0
3566,172.72,125.0,172.72,Southpaw,1991-06-04,8,3,0,0.0
3563,167.64,135.0,172.72,Southpaw,1979-12-19,10,8,0,0.0
3562,180.34,185.0,195.58,Switch,1984-03-16,17,6,0,0.0
3558,187.96,185.0,190.5,Orthodox,1986-12-08,7,6,0,0.0
3556,172.72,135.0,177.8,Orthodox,1992-06-05,6,1,0,0.0
3552,172.72,135.0,172.72,Orthodox,1984-08-04,21,9,0,0.0
3548,160.02,125.0,162.56,Southpaw,1981-05-27,17,8,0,0.0
3543,172.72,145.0,180.34,Switch,1993-05-06,9,3,0,0.0
3542,190.5,205.0,198.12,Orthodox,1981-10-11,25,12,0,0.0
3541,167.64,125.0,167.64,Orthodox,1984-02-19,13,7,0,0.0
3540,180.34,170.0,193.04,Orthodox,1978-06-02,21,11,0,0.0
3538,167.64,125.0,175.26,Orthodox,1993-06-11,9,4,0,0.0
3536,167.64,125.0,167.64,Orthodox,1996-06-09,7,0,0,0.0
3528,175.26,135.0,172.72,Orthodox,1994-05-26,10,1,0,0.0
3526,175.26,145.0,177.8,Orthodox,1979-05-30,15,6,0,0.0
3523,177.8,155.0,182.88,Orthodox,1989-06-28,22,6,0,0.0
3521,170.18,125.0,170.18,Orthodox,1987-05-05,10,10,0,0.0
3516,167.64,135.0,180.34,Switch,1991-12-18,20,6,0,0.0
3513,175.26,155.0,180.34,Orthodox,1979-08-25,17,10,0,0.0
3509,182.88,185.0,182.88,Southpaw,1981-09-01,10,4,0,0.0
3505,172.72,135.0,177.8,Orthodox,1997-08-29,6,1,0,0.0
3504,195.58,185.0,200.66,Orthodox,1982-04-10,14,5,0,0.0
3502,162.56,135.0,162.56,Orthodox,1987-02-09,16,3,0,0.0
3500,185.42,155.0,187.96,Orthodox,1995-11-24,7,2,0,0.0
3494,160.02,115.0,160.02,Southpaw,1978-10-25,5,5,0,0.0
3493,172.72,155.0,180.34,Orthodox,1986-04-24,23,8,0,0.0
3492,172.72,145.0,172.72,Southpaw,1990-11-23,5,2,0,0.0
3487,172.72,145.0,177.8,Orthodox,1983-06-27,10,2,0,0.0
3482,185.42,205.0,187.96,Southpaw,1994-11-25,7,4,0,0.0
3480,170.18,145.0,175.26,Orthodox,1986-05-12,11,1,0,0.0
3479,180.34,135.0,182.88,Orthodox,1991-07-27,9,3,0,0.0
3478,185.42,170.0,190.5,Southpaw,1987-12-07,18,7,0,0.0
3477,182.88,145.0,187.96,Orthodox,1988-08-25,15,3,0,0.0
3476,187.96,185.0,190.5,Orthodox,1994-05-01,12,0,0,0.0
3471,182.88,145.0,187.96,Orthodox,1992-11-03,11,6,0,0.0
3470,167.64,125.0,162.56,Orthodox,1996-12-26,7,3,0,0.0
3469,180.34,155.0,187.96,Orthodox,1983-12-17,8,3,0,0.0
3468,175.26,170.0,177.8,Orthodox,1976-10-08,22,13,0,0.0
3467,175.26,125.0,172.72,Orthodox,1988-12-28,18,5,0,0.0
3465,190.5,205.0,193.04,Orthodox,1978-11-07,14,6,0,0.0
3461,180.34,155.0,182.88,Orthodox,1990-09-27,4,1,0,0.0
3458,154.94,115.0,157.48,Orthodox,1992-06-26,10,7,0,0.0
3455,190.5,205.0,195.58,Orthodox,1987-02-27,15,9,0,0.0
3449,167.64,115.0,162.56,Orthodox,1980-09-19,7,6,0,0.0
3448,182.88,205.0,190.5,Orthodox,1990-04-12,14,8,0,0.0
3445,177.8,155.0,185.42,Orthodox,1985-11-24,11,5,0,0.0
3441,162.56,125.0,165.1,Southpaw,1997-11-06,9,2,0,0.0
3431,172.72,145.0,175.26,Orthodox,1994-03-31,10,4,0,0.0
3425,185.42,205.0,190.5,Orthodox,1964-12-20,16,10,0,0.0
3422,160.02,115.0,165.1,Orthodox,1985-11-02,4,1,0,0.0
3421,190.5,230.0,198.12,Orthodox,1988-10-25,13,10,0,0.0
3415,177.8,145.0,172.72,Orthodox,1985-12-12,14,8,0,0.0
3403,160.02,115.0,162.56,Switch,1991-10-22,3,5,0,0.0
3401,182.88,170.0,182.88,Orthodox,1983-03-05,8,4,0,0.0
3399,185.42,170.0,195.58,Southpaw,1989-08-24,4,1,0,0.0
3395,170.18,135.0,170.18,Orthodox,1989-12-06,7,1,0,0.0
3389,165.1,125.0,165.1,Orthodox,1993-12-10,11,1,0,0.0
3388,170.18,135.0,172.72,Orthodox,1992-07-31,7,3,0,0.0
3386,175.26,170.0,180.34,Orthodox,1995-08-27,7,2,0,0.0
3385,180.34,170.0,180.34,Switch,1994-07-15,8,2,0,0.0
3381,185.42,185.0,182.88,Orthodox,1991-04-21,14,2,0,0.0
3380,175.26,135.0,185.42,Switch,1994-07-06,6,4,0,0.0
3379,162.56,125.0,170.18,Orthodox,1996-01-28,13,3,0,0.0
3378,177.8,145.0,180.34,Southpaw,1996-09-14,20,6,0,0.0
3376,180.34,170.0,190.5,Orthodox,1980-02-29,23,11,0,0.0
3373,180.34,205.0,193.04,Orthodox,1981-11-27,9,4,0,0.0
3371,185.42,205.0,190.5,Orthodox,1963-06-22,19,11,0,0.0
3369,177.8,155.0,185.42,Orthodox,1982-08-27,11,5,0,0.0
3367,180.34,170.0,182.88,Orthodox,1988-02-22,17,3,0,0.0
3366,172.72,135.0,170.18,Southpaw,1992-02-12,7,3,0,0.0
3364,177.8,170.0,175.26,Southpaw,1978-07-24,15,7,0,0.0
3363,185.42,170.0,193.04,Orthodox,1986-01-15,9,4,0,0.0
3359,190.5,185.0,190.5,Orthodox,1977-07-09,12,4,0,0.0
3353,180.34,170.0,177.8,Switch,1990-04-05,10,4,0,0.0
3352,182.88,155.0,182.88,Southpaw,1994-10-04,11,3,0,0.0
3345,172.72,135.0,172.72,Orthodox,1985-03-09,24,4,0,0.0
3344,182.88,145.0,198.12,Switch,1989-09-20,8,4,0,0.0
3343,175.26,145.0,180.34,Orthodox,1999-02-08,7,1,0,0.0
3337,182.88,205.0,190.5,Southpaw,1984-08-02,25,7,0,0.0
3335,187.96,205.0,193.04,Orthodox,1980-11-16,10,7,0,0.0
3334,182.88,170.0,187.96,Orthodox,1980-04-27,6,6,0,0.0
3332,187.96,205.0,195.58,Orthodox,1993-06-24,4,2,0,0.0
3331,177.8,145.0,180.34,Orthodox,1994-09-07,10,3,0,0.0
3330,160.02,125.0,157.48,Southpaw,1995-01-18,6,2,0,0.0
3327,162.56,115.0,165.1,Orthodox,1991-04-11,4,5,0,0.0
3320,190.5,205.0,193.04,Orthodox,1989-09-01,14,5,0,0.0
3319,172.72,155.0,185.42,Orthodox,1996-02-04,21,4,0,0.0
3318,170.18,125.0,175.26,Orthodox,2003-04-21,8,0,0,0.0
3316,172.72,135.0,172.72,Switch,2000-03-13,7,1,0,0.0
3311,157.48000000000002,115.0,162.56,Orthodox,1987-12-24,16,6,0,0.0
3308,170.18,155.0,180.34,Orthodox,1980-02-03,13,9,0,0.0
3306,170.18,135.0,177.8,Orthodox,1989-07-04,12,5,0,0.0
3304,175.26,125.0,172.72,Orthodox,2000-09-01,6,3,0,0.0
3297,170.18,155.0,172.72,Orthodox,1986-12-18,13,6,0,0.0
3293,190.5,205.0,193.04,Orthodox,1989-09-25,12,7,0,0.0
3289,172.72,135.0,175.26,Southpaw,1980-10-28,23,8,0,0.0
3284,167.64,135.0,172.72,Orthodox,1984-10-04,21,11,0,0.0
3282,177.8,135.0,182.88,Orthodox,1990-05-08,14,10,0,0.0
3281,182.88,155.0,182.88,Orthodox,1992-10-07,10,2,0,0.0
3278,182.88,185.0,182.88,Orthodox,1981-05-19,19,12,0,0.0
3277,177.8,145.0,185.42,Orthodox,1988-11-10,8,6,0,0.0
3274,170.18,135.0,182.88,Orthodox,1991-09-30,12,6,0,0.0
3270,167.64,135.0,165.1,Orthodox,1994-08-31,11,5,0,0.0
3264,160.02,125.0,162.56,Orthodox,1991-09-04,5,2,0,0.0
3263,165.1,115.0,170.18,Orthodox,1995-06-10,6,5,0,0.0
3262,175.26,135.0,180.34,Orthodox,1984-04-24,10,4,0,0.0
3255,162.56,125.0,170.18,Orthodox,1993-03-18,8,2,0,0.0
3250,180.34,170.0,185.42,Switch,1996-09-10,16,2,0,0.0
3248,167.64,125.0,170.18,Orthodox,1987-08-19,8,5,0,0.0
3244,177.8,185.0,182.88,Orthodox,1987-09-08,11,5,0,0.0
3240,177.8,155.0,180.34,Orthodox,1980-06-12,22,13,0,0.0
3239,162.56,115.0,160.02,Orthodox,1993-03-24,13,3,0,0.0
3237,182.88,170.0,177.8,Southpaw,1974-07-26,11,4,0,0.0
3233,182.88,185.0,187.96,Orthodox,1989-12-12,13,7,0,0.0
3229,177.8,155.0,185.42,Orthodox,1993-03-16,16,7,0,0.0
3228,170.18,145.0,175.26,Orthodox,1991-03-18,9,1,0,0.0
3227,180.34,170.0,193.04,Switch,1988-07-10,3,3,0,0.0
3223,167.64,125.0,175.26,Orthodox,1990-12-26,11,3,0,0.0
3221,182.88,170.0,193.04,Southpaw,1985-04-16,22,13,0,0.0
3217,193.04,185.0,200.66,Orthodox,1990-11-22,7,2,0,0.0
3213,177.8,135.0,175.26,Orthodox,1980-08-05,9,8,0,0.0
3212,167.64,135.0,170.18,Orthodox,1986-02-07,18,5,0,0.0
3205,177.8,170.0,190.5,Switch,1995-10-09,9,1,0,0.0
3201,170.18,135.0,177.8,Orthodox,1986-08-13,15,8,0,0.0
3199,167.64,125.0,175.26,Orthodox,1989-03-30,4,5,0,0.0
3196,160.02,135.0,167.64,Orthodox,1984-09-26,22,12,0,0.0
3193,187.96,185.0,193.04,Orthodox,1988-07-15,12,2,0,0.0
3191,187.96,185.0,193.04,Orthodox,1983-08-10,17,9,0,0.0
3187,190.5,205.0,187.96,Orthodox,1981-02-20,8,5,0,0.0
3184,193.04,238.0,195.58,Orthodox,1984-01-30,21,9,0,0.0
3181,165.1,135.0,177.8,Orthodox,1985-07-24,21,9,0,0.0
3180,193.04,205.0,200.66,Orthodox,1991-09-29,14,5,0,0.0
3171,182.88,155.0,182.88,Orthodox,1986-04-08,8,3,0,0.0
3167,180.34,145.0,187.96,Orthodox,1994-09-23,12,3,0,0.0
3163,185.42,185.0,193.04,Switch,1994-01-14,20,2,0,0.0
3159,157.48000000000002,115.0,160.02,Orthodox,1994-01-01,12,8,0,0.0
3158,165.1,115.0,170.18,Orthodox,1999-01-26,7,0,0,0.0
3154,177.8,155.0,185.42,Orthodox,1988-02-18,16,5,0,0.0
3151,170.18,145.0,180.34,Orthodox,1996-07-04,6,0,0,0.0
3149,187.96,185.0,200.66,Orthodox,1995-08-06,8,1,0,0.0
3148,170.18,145.0,170.18,Orthodox,1990-10-01,10,2,0,0.0
3147,177.8,155.0,180.34,Orthodox,1993-05-10,11,1,0,0.0
3146,187.96,185.0,200.66,Switch,1995-07-24,8,1,0,0.0
3142,180.34,185.0,190.5,Orthodox,1989-01-05,16,5,0,0.0
3136,167.64,135.0,172.72,Orthodox,1991-01-10,16,4,0,0.0
3135,165.1,125.0,172.72,Orthodox,1992-06-05,20,6,0,0.0
3134,193.04,170.0,193.04,Orthodox,1989-12-17,9,4,0,0.0
3129,167.64,135.0,177.8,Southpaw,1984-01-25,13,6,0,0.0
3124,165.1,125.0,170.18,Switch,1995-08-21,7,1,0,0.0
3123,172.72,145.0,172.72,Orthodox,1986-02-16,6,3,0,0.0
3120,170.18,135.0,180.34,Orthodox,1978-08-03,28,13,0,0.0
3118,177.8,155.0,177.8,Orthodox,1983-01-26,9,5,0,0.0
3116,172.72,155.0,182.88,Orthodox,1990-09-11,6,3,0,0.0
3114,172.72,135.0,177.8,Orthodox,1995-09-29,13,5,0,0.0
3112,167.64,125.0,172.72,Orthodox,1988-08-12,8,4,0,0.0
3107,177.8,155.0,182.88,Switch,1997-04-11,8,2,0,0.0
3103,177.8,145.0,180.34,Orthodox,1984-05-16,27,11,0,0.0
3101,175.26,155.0,182.88,Orthodox,1985-03-28,15,2,0,0.0
3099,182.88,170.0,182.88,Orthodox,1997-12-19,9,2,0,0.0
3095,175.26,135.0,180.34,Switch,1987-04-27,10,6,0,0.0
3092,177.8,170.0,193.04,Southpaw,1987-05-23,20,6,0,0.0
3088,177.8,145.0,187.96,Orthodox,1989-07-24,19,7,0,0.0
3087,167.64,145.0,177.8,Orthodox,1985-03-04,18,4,0,0.0
3084,177.8,155.0,175.26,Orthodox,1993-07-09,9,4,0,0.0
3083,182.88,170.0,195.58,Switch,1991-08-10,7,2,0,0.0
3079,190.5,185.0,198.12,Orthodox,1991-08-15,10,4,0,0.0
3076,172.72,125.0,172.72,Orthodox,1995-07-27,10,1,0,0.0
3073,185.42,145.0,187.96,Southpaw,1989-07-31,28,12,0,0.0
3066,170.18,135.0,182.88,Orthodox,1981-08-30,17,9,0,0.0
3065,175.26,155.0,180.34,Orthodox,1986-01-15,28,12,0,0.0
3063,154.94,115.0,160.02,Orthodox,1987-10-10,20,7,0,0.0
3060,154.94,115.0,162.56,Orthodox,1986-05-07,6,6,0,0.0
3059,172.72,125.0,175.26,Orthodox,1996-08-10,11,0,0,0.0
3058,177.8,155.0,172.72,Orthodox,1992-03-11,7,1,0,0.0
3057,170.18,125.0,172.72,Switch,1993-08-05,7,3,0,0.0
3056,185.42,155.0,185.42,Orthodox,1986-01-11,16,5,0,0.0
3053,162.56,125.0,170.18,Orthodox,1985-04-27,8,7,0,0.0
3049,172.72,135.0,170.18,Orthodox,1987-07-09,6,6,0,0.0
3046,170.18,145.0,182.88,Orthodox,1994-02-11,17,0,0,0.0
3045,172.72,145.0,190.5,Southpaw,1988-01-21,17,9,0,0.0
3039,167.64,145.0,175.26,Southpaw,1975-07-14,16,4,0,0.0
3038,182.88,170.0,190.5,Orthodox,1986-04-26,15,5,0,0.0
3035,172.72,135.0,182.88,Orthodox,1983-12-10,6,6,0,0.0
3034,182.88,170.0,187.96,Orthodox,1991-09-28,21,1,0,0.0
3032,167.64,135.0,167.64,Orthodox,1992-07-30,15,3,0,0.0
3026,193.04,170.0,200.66,Southpaw,1989-06-19,7,3,0,0.0
3023,180.34,155.0,177.8,Orthodox,1984-04-25,17,6,0,0.0
3022,182.88,245.0,190.5,Orthodox,1995-01-12,11,2,0,0.0
3017,180.34,155.0,193.04,Orthodox,1984-02-12,26,9,0,0.0
3013,167.64,125.0,167.64,Southpaw,1993-08-13,8,3,0,0.0
3008,185.42,185.0,198.12,Southpaw,1985-02-15,13,8,0,0.0
3007,175.26,155.0,187.96,Orthodox,1985-01-18,18,5,0,0.0
3006,167.64,125.0,177.8,Orthodox,1991-05-03,12,2,0,0.0
3005,177.8,185.0,182.88,Orthodox,1992-11-04,10,1,0,0.0
3003,190.5,205.0,200.66,Orthodox,1996-01-18,8,1,0,0.0
2998,177.8,155.0,177.8,Orthodox,1996-08-15,8,1,0,0.0
2994,170.18,135.0,175.26,Orthodox,1984-07-31,9,5,0,0.0
2992,170.18,125.0,172.72,Orthodox,1993-05-05,15,3,0,0.0
2984,177.8,155.0,182.88,Orthodox,1997-12-10,6,2,0,0.0
2983,170.18,125.0,165.1,Orthodox,1990-02-17,11,1,0,0.0
2981,170.18,155.0,172.72,Southpaw,1976-05-09,24,9,0,0.0
2976,172.72,155.0,180.34,Switch,1993-03-05,12,3,0,0.0
2974,177.8,170.0,170.18,Switch,1997-02-18,10,3,0,0.0
2973,170.18,125.0,172.72,Orthodox,1990-09-07,16,7,0,0.0
2972,182.88,155.0,185.42,Southpaw,1988-03-17,9,2,0,0.0
2971,190.5,205.0,185.42,Switch,1993-12-22,7,3,0,0.0
2970,177.8,145.0,185.42,Orthodox,1991-08-06,17,3,0,0.0
2969,177.8,145.0,187.96,Southpaw,1976-05-26,14,6,0,0.0
2965,175.26,155.0,187.96,Orthodox,1984-01-07,11,6,0,0.0
2961,172.72,135.0,180.34,Orthodox,1987-06-25,20,7,0,0.0
2959,187.96,185.0,190.5,Southpaw,1984-10-24,15,5,0,0.0
2956,180.34,170.0,185.42,Switch,1997-07-11,7,2,0,0.0
2955,165.1,125.0,170.18,Orthodox,1985-04-14,23,8,0,0.0
2954,170.18,155.0,180.34,Orthodox,1987-03-27,8,4,0,0.0
2952,185.42,205.0,187.96,Orthodox,1985-10-22,9,3,0,0.0
2951,175.26,170.0,180.34,Orthodox,1984-04-03,27,10,0,0.0
2946,182.88,155.0,195.58,Orthodox,1991-02-28,15,5,0,0.0
2944,167.64,145.0,170.18,Orthodox,1982-07-16,6,2,0,0.0
2929,193.04,185.0,193.04,Orthodox,1994-01-15,11,5,0,0.0
2925,160.02,115.0,165.1,Southpaw,1985-05-20,11,9,0,0.0
2923,167.64,125.0,175.26,Southpaw,1987-04-14,9,2,0,0.0
2920,185.42,170.0,195.58,Southpaw,1989-01-12,9,4,0,0.0
2913,177.8,145.0,177.8,Orthodox,1986-10-06,11,7,0,0.0
2909,177.8,170.0,187.96,Southpaw,1980-08-14,9,6,0,0.0
2905,162.56,115.0,160.02,Orthodox,1988-12-07,18,5,0,0.0
2903,187.96,205.0,190.5,Orthodox,1993-11-04,7,0,0,0.0
2902,180.34,155.0,177.8,Orthodox,1988-11-14,25,4,0,0.0
2900,170.18,135.0,172.72,Southpaw,1996-05-17,18,5,0,0.0
2899,165.1,135.0,165.1,Southpaw,1984-10-10,12,5,0,0.0
2894,187.96,170.0,187.96,Switch,1992-01-22,7,5,0,0.0
2883,187.96,205.0,193.04,Orthodox,1990-08-09,14,1,0,0.0
2881,193.04,245.0,205.74,Orthodox,1990-04-12,12,2,0,0.0
2878,175.26,145.0,177.8,Orthodox,1989-05-28,13,2,0,0.0
2877,172.72,135.0,165.1,Orthodox,1991-07-07,13,5,0,0.0
2875,177.8,170.0,180.34,Orthodox,1984-02-22,14,5,0,0.0
2873,175.26,170.0,182.88,Orthodox,1987-07-14,15,6,0,0.0
2871,182.88,145.0,190.5,Southpaw,1992-05-22,14,5,0,0.0
2870,165.1,125.0,170.18,Southpaw,1992-09-13,6,2,0,0.0
2869,170.18,155.0,177.8,Orthodox,1994-08-05,16,3,0,0.0
2868,170.18,135.0,170.18,Orthodox,1992-04-12,10,4,0,0.0
2865,190.5,170.0,187.96,Orthodox,1997-11-17,13,0,0,0.0
2864,185.42,145.0,185.42,Orthodox,1983-09-16,12,4,0,0.0
2860,172.72,125.0,182.88,Orthodox,1987-01-21,12,7,0,0.0
2854,167.64,135.0,172.72,Southpaw,1982-04-30,16,8,0,0.0
2849,175.26,145.0,175.26,Orthodox,1995-01-24,12,2,0,0.0
2846,177.8,155.0,180.34,Orthodox,1990-01-23,20,11,0,0.0
2845,182.88,155.0,187.96,Southpaw,1995-07-05,6,1,0,0.0
2840,177.8,135.0,180.34,Orthodox,1987-09-11,20,9,0,0.0
2839,177.8,155.0,182.88,Orthodox,1990-02-07,9,5,0,0.0
2834,182.88,170.0,187.96,Orthodox,1992-08-06,16,5,0,0.0
2831,170.18,155.0,180.34,Orthodox,1986-11-13,14,1,0,0.0
2829,180.34,170.0,182.88,Orthodox,1987-03-28,6,5,0,0.0
2825,162.56,135.0,162.56,Orthodox,1995-11-30,6,1,0,0.0
2816,193.04,240.0,195.58,Orthodox,1983-11-22,13,4,0,0.0
2811,177.8,170.0,182.88,Switch,1998-06-18,9,2,0,0.0
2810,185.42,170.0,187.96,Switch,1997-12-09,14,3,0,0.0
2806,157.48000000000002,115.0,160.02,Orthodox,1999-12-30,8,2,0,0.0
2804,177.8,135.0,170.18,Orthodox,1986-03-31,10,6,0,0.0
2800,177.8,135.0,185.42,Orthodox,1986-07-21,6,2,0,0.0
2799,170.18,145.0,172.72,Orthodox,1995-01-28,4,1,0,0.0
2798,177.8,155.0,180.34,Orthodox,1989-08-29,7,1,0,0.0
2797,172.72,170.0,175.26,Switch,1991-02-23,6,2,0,0.0
2796,160.02,115.0,165.1,Orthodox,1984-12-06,11,5,0,0.0
2794,182.88,145.0,185.42,Southpaw,1997-06-13,13,2,0,0.0
2792,187.96,242.0,193.04,Orthodox,1979-05-18,17,11,0,0.0
2791,175.26,145.0,182.88,Orthodox,1991-04-28,6,0,0,0.0
2786,187.96,155.0,187.96,Southpaw,1990-02-28,11,5,0,0.0
2784,187.96,205.0,193.04,Orthodox,1984-02-29,16,4,0,0.0
2783,180.34,155.0,187.96,Orthodox,1985-08-13,7,2,0,0.0
2782,180.34,155.0,190.5,Orthodox,1992-01-20,14,8,0,0.0
2778,182.88,170.0,195.58,Orthodox,1993-12-05,22,9,0,0.0
2774,182.88,185.0,193.04,Orthodox,1983-07-22,8,4,0,0.0
2771,170.18,125.0,180.34,Switch,1990-05-19,14,7,0,0.0
2770,182.88,185.0,190.5,Switch,1994-06-21,5,2,0,0.0
2769,187.96,155.0,187.96,Switch,1995-08-11,6,1,0,0.0
2768,185.42,170.0,195.58,Orthodox,1991-01-23,11,4,0,0.0
2764,177.8,155.0,182.88,Orthodox,1987-02-27,12,5,0,0.0
2763,185.42,185.0,193.04,Orthodox,1978-10-03,14,8,0,0.0
2759,185.42,241.0,190.5,Orthodox,1980-05-12,20,5,0,0.0
2746,193.04,185.0,200.66,Orthodox,1981-09-26,8,2,0,0.0
2743,175.26,145.0,177.8,Southpaw,1988-07-11,5,2,0,0.0
2742,172.72,155.0,177.8,Orthodox,1995-09-28,11,2,0,0.0
2739,170.18,115.0,172.72,Orthodox,1992-04-13,7,3,0,0.0
2738,177.8,155.0,182.88,Orthodox,1984-02-26,21,5,0,0.0
2737,172.72,135.0,175.26,Orthodox,1985-12-18,15,7,0,0.0
2736,185.42,185.0,193.04,Switch,1984-09-14,11,6,0,0.0
2734,165.1,135.0,175.26,Orthodox,1991-09-28,23,9,0,0.0
2730,162.56,125.0,170.18,Orthodox,1985-05-03,9,4,0,0.0
2727,177.8,155.0,185.42,Southpaw,1989-10-11,23,8,0,0.0
2726,177.8,170.0,185.42,Switch,1993-05-02,11,5,0,0.0
2724,172.72,145.0,177.8,Orthodox,1981-07-29,15,5,0,0.0
2723,190.5,205.0,195.58,Orthodox,1979-03-16,19,7,0,0.0
2722,167.64,145.0,172.72,Orthodox,1984-04-20,16,8,0,0.0
2721,180.34,170.0,193.04,Orthodox,1985-11-29,19,10,0,0.0
2720,177.8,145.0,185.42,Southpaw,1990-02-28,18,9,0,0.0
2719,185.42,205.0,185.42,Orthodox,1978-05-15,11,3,0,0.0
2718,170.18,135.0,170.18,Orthodox,1992-03-31,8,3,0,0.0
2714,180.34,145.0,187.96,Orthodox,1988-10-14,14,5,0,0.0
2710,172.72,155.0,172.72,Orthodox,1986-06-16,15,5,0,0.0
2709,180.34,170.0,185.42,Orthodox,1977-02-06,6,6,0,0.0
2708,170.18,145.0,182.88,Orthodox,1987-01-03,12,4,0,0.0
2704,167.64,125.0,165.1,Orthodox,1992-05-13,5,2,0,0.0
2703,177.8,155.0,180.34,Orthodox,1981-12-30,15,7,0,0.0
2694,175.26,155.0,182.88,Orthodox,1985-11-24,5,1,0,0.0
2693,170.18,155.0,175.26,Orthodox,1977-01-25,14,10,0,0.0
2691,190.5,205.0,193.04,Orthodox,1992-09-12,14,3,0,0.0
2690,170.18,135.0,172.72,Orthodox,1990-03-03,8,4,0,0.0
2688,195.58,205.0,200.66,Orthodox,1987-01-15,18,8,0,0.0
2684,167.64,135.0,177.8,Southpaw,1997-02-24,7,2,0,0.0
2680,170.18,125.0,177.8,Southpaw,1996-08-03,10,2,0,0.0
2678,175.26,155.0,177.8,Orthodox,1986-08-08,14,7,0,0.0
2671,182.88,185.0,200.66,Orthodox,1984-07-31,18,11,0,0.0
2670,177.8,145.0,177.8,Southpaw,1985-02-22,9,2,0,0.0
2668,175.26,155.0,180.34,Orthodox,1987-08-25,18,6,0,0.0
2664,157.48000000000002,115.0,157.48,Southpaw,1987-03-08,17,8,0,0.0
2660,185.42,205.0,193.04,Orthodox,1976-10-05,12,8,0,0.0
2657,170.18,125.0,172.72,Switch,1986-10-07,11,4,0,0.0
2656,190.5,185.0,190.5,Orthodox,1982-03-07,14,6,0,0.0
2653,193.04,185.0,187.96,Orthodox,1990-04-20,9,3,0,0.0
2651,157.48000000000002,115.0,160.02,Orthodox,1999-08-14,7,6,0,0.0
2650,177.8,155.0,182.88,Southpaw,1995-08-22,15,5,0,0.0
2647,193.04,245.0,198.12,Orthodox,1976-02-05,8,6,0,0.0
2646,177.8,155.0,182.88,Orthodox,1996-12-06,12,2,0,0.0
2639,170.18,170.0,172.72,Southpaw,1998-11-13,7,0,0,0.0
2637,180.34,185.0,195.58,Southpaw,1979-11-19,23,5,0,0.0
2632,182.88,170.0,193.04,Orthodox,1987-07-09,19,5,0,0.0
2630,177.8,155.0,175.26,Orthodox,1979-04-04,6,3,0,0.0
2628,185.42,170.0,187.96,Orthodox,1980-09-25,13,6,0,0.0
2621,185.42,155.0,190.5,Orthodox,1996-11-20,10,2,0,0.0
2619,185.42,170.0,190.5,Orthodox,1987-07-23,17,2,0,0.0
2618,182.88,185.0,195.58,Orthodox,1989-01-08,12,5,0,0.0
2609,185.42,170.0,193.04,Orthodox,1986-04-29,12,7,0,0.0
2608,185.42,170.0,185.42,Orthodox,1984-02-09,9,4,0,0.0
2604,180.34,205.0,182.88,Orthodox,1976-02-10,18,7,0,0.0
2602,182.88,170.0,185.42,Orthodox,1984-02-09,11,4,0,0.0
2600,180.34,185.0,182.88,Orthodox,1988-08-05,14,5,0,0.0
2599,175.26,155.0,180.34,Orthodox,1992-01-18,23,7,0,0.0
2594,175.26,170.0,177.8,Southpaw,1983-11-16,24,7,0,0.0
2591,175.26,185.0,175.26,Southpaw,1983-09-12,18,8,0,0.0
2588,190.5,170.0,200.66,Orthodox,2002-05-23,5,1,0,0.0
2586,182.88,145.0,185.42,Orthodox,1988-07-17,12,4,0,0.0
2585,170.18,135.0,172.72,Switch,1987-05-04,23,6,0,0.0
2581,193.04,242.0,195.58,Orthodox,1984-10-03,22,6,0,0.0
2580,185.42,185.0,195.58,Orthodox,1988-06-10,23,8,0,0.0
2576,175.26,145.0,182.88,Orthodox,1992-10-01,14,6,0,0.0
2574,177.8,135.0,180.34,Orthodox,1994-03-01,9,4,0,0.0
2573,172.72,125.0,170.18,Orthodox,1993-10-25,9,2,0,0.0
2570,165.1,125.0,167.64,Orthodox,1990-05-27,9,3,0,0.0
2569,182.88,155.0,187.96,Orthodox,1990-05-14,9,6,0,0.0
2568,162.56,115.0,165.1,Orthodox,1984-09-18,14,10,0,0.0
2565,187.96,205.0,195.58,Orthodox,1986-11-21,11,6,0,0.0
2563,175.26,145.0,180.34,Southpaw,1987-06-09,11,3,0,0.0
2560,182.88,170.0,190.5,Orthodox,1976-07-29,23,7,0,0.0
2559,172.72,135.0,180.34,Orthodox,1999-04-30,8,2,0,0.0
2557,172.72,155.0,185.42,Southpaw,1981-10-12,21,6,0,0.0
2554,193.04,155.0,203.2,Orthodox,1978-10-03,6,9,0,0.0
2552,160.02,115.0,162.56,Orthodox,1985-01-12,15,13,0,0.0
2545,177.8,168.0,177.8,Orthodox,1976-06-17,23,9,0,0.0
2541,177.8,135.0,177.8,Southpaw,1987-01-07,9,3,0,0.0
2539,182.88,170.0,182.88,Orthodox,1989-11-18,9,2,0,0.0
2537,180.34,155.0,177.8,Southpaw,1986-02-06,12,3,0,0.0
2532,180.34,145.0,175.26,Orthodox,1991-12-04,25,7,0,0.0
2529,172.72,135.0,175.26,Southpaw,1981-10-17,15,7,0,0.0
2527,193.04,185.0,203.2,Orthodox,1995-07-04,8,4,0,0.0
2522,175.26,155.0,175.26,Orthodox,1983-09-30,14,6,0,0.0
2521,182.88,170.0,182.88,Orthodox,1988-10-19,11,8,0,0.0
2520,172.72,145.0,172.72,Orthodox,1982-07-22,20,12,0,0.0
2519,162.56,125.0,165.1,Orthodox,1979-08-30,10,4,0,0.0
2512,182.88,155.0,190.5,Switch,1990-02-13,23,12,0,0.0
2510,177.8,155.0,177.8,Southpaw,1987-07-28,13,4,0,0.0
2508,172.72,145.0,177.8,Orthodox,1995-05-10,8,2,0,0.0
2507,165.1,125.0,167.64,Orthodox,1990-10-12,19,2,0,0.0
2506,167.64,125.0,170.18,Switch,1997-09-22,9,5,0,0.0
2502,170.18,135.0,167.64,Orthodox,1990-03-30,6,0,0,0.0
2498,170.18,135.0,172.72,Orthodox,1978-08-02,10,6,0,0.0
2493,170.18,170.0,182.88,Orthodox,1983-03-01,24,13,0,0.0
2491,190.5,185.0,182.88,Orthodox,1995-04-07,3,3,0,0.0
2489,175.26,135.0,175.26,Orthodox,1992-12-16,11,2,0,0.0
2487,177.8,155.0,180.34,Orthodox,1991-12-22,16,7,0,0.0
2486,190.5,185.0,193.04,Orthodox,1994-09-29,8,2,0,0.0
2479,165.1,115.0,162.56,Orthodox,1992-06-28,8,5,0,0.0
2478,170.18,135.0,180.34,Orthodox,1992-11-22,23,4,0,0.0
2474,187.96,205.0,190.5,Orthodox,1989-01-03,7,6,0,0.0
2466,190.5,205.0,198.12,Orthodox,1995-05-21,8,4,0,0.0
2464,170.18,145.0,180.34,Orthodox,1991-08-06,17,7,0,0.0
2458,182.88,170.0,193.04,Orthodox,1995-01-25,8,3,0,0.0
2446,175.26,125.0,180.34,Orthodox,1997-06-14,11,1,0,0.0
2434,177.8,155.0,187.96,Orthodox,1991-02-03,24,3,0,0.0
2432,170.18,135.0,175.26,Orthodox,1983-09-19,13,6,0,0.0
2430,187.96,185.0,187.96,Orthodox,1990-01-23,8,4,0,0.0
2425,170.18,135.0,172.72,Orthodox,1979-05-30,20,11,0,0.0
2417,185.42,170.0,198.12,Orthodox,1990-10-30,7,2,0,0.0
2416,177.8,135.0,190.5,Southpaw,1992-04-24,13,2,0,0.0
2410,160.02,115.0,162.56,Orthodox,1988-05-30,19,3,0,0.0
2409,190.5,185.0,193.04,Orthodox,1981-08-22,10,3,0,0.0
2407,175.26,155.0,185.42,Orthodox,1979-08-21,20,4,0,0.0
2400,170.18,125.0,172.72,Orthodox,1989-03-01,9,3,0,0.0
2398,160.02,115.0,162.56,Orthodox,1999-02-28,10,1,0,0.0
2397,170.18,145.0,172.72,Orthodox,1989-08-10,16,8,0,0.0
2396,167.64,115.0,165.1,Orthodox,1987-08-18,16,5,0,0.0
2395,187.96,185.0,185.42,Orthodox,1992-11-14,10,3,0,0.0
2391,182.88,155.0,180.34,Switch,1991-09-30,15,9,0,0.0
2390,170.18,145.0,172.72,Switch,1993-11-03,12,3,0,0.0
2388,185.42,185.0,193.04,Orthodox,1977-09-20,21,8,0,0.0
2383,175.26,135.0,180.34,Orthodox,1995-11-24,12,4,0,0.0
2380,185.42,205.0,185.42,Orthodox,1981-11-27,19,5,0,0.0
2378,172.72,125.0,175.26,Southpaw,2000-12-09,13,2,0,0.0
2377,182.88,145.0,182.88,Orthodox,1992-07-17,9,1,0,0.0
2376,165.1,125.0,180.34,Southpaw,1996-08-28,6,2,0,0.0
2374,170.18,135.0,180.34,Orthodox,1992-02-21,17,2,0,0.0
2373,170.18,135.0,167.64,Orthodox,1994-03-30,14,2,0,0.0
2372,187.96,205.0,198.12,Orthodox,1984-03-06,22,6,0,0.0
2367,187.96,205.0,193.04,Orthodox,1983-05-02,7,2,0,0.0
2358,187.96,205.0,200.66,Orthodox,1988-11-18,10,0,0,0.0
2357,182.88,185.0,187.96,Switch,1990-11-09,5,1,0,0.0
2356,187.96,230.0,203.2,Orthodox,1986-07-22,6,2,0,0.0
2355,182.88,135.0,180.34,Orthodox,1995-05-20,15,8,0,0.0
2354,175.26,125.0,177.8,Switch,1991-01-10,13,5,0,0.0
2352,162.56,125.0,157.48,Orthodox,1995-03-22,8,5,0,0.0
2351,185.42,205.0,190.5,Orthodox,1984-09-03,5,3,0,0.0
2337,182.88,205.0,190.5,Orthodox,1988-01-31,7,5,0,0.0
2332,175.26,155.0,182.88,Orthodox,1996-05-24,6,2,0,0.0
2331,170.18,115.0,162.56,Orthodox,1985-10-04,6,4,0,0.0
2327,175.26,155.0,185.42,Orthodox,1980-11-07,27,7,0,0.0
2326,165.1,135.0,167.64,Orthodox,1982-09-17,15,12,0,0.0
2322,185.42,185.0,195.58,Southpaw,1989-08-19,24,6,0,0.0
2321,182.88,170.0,185.42,Southpaw,1981-11-25,17,7,0,0.0
2319,187.96,170.0,190.5,Orthodox,1993-05-02,9,2,0,0.0
2314,182.88,155.0,175.26,Switch,1995-01-13,7,0,0,0.0
2313,170.18,125.0,172.72,Southpaw,1999-03-02,3,1,0,0.0
2311,180.34,170.0,182.88,Orthodox,1988-02-12,13,5,0,0.0
2309,170.18,145.0,182.88,Orthodox,1987-03-17,17,8,0,0.0
2305,177.8,145.0,185.42,Orthodox,1988-10-31,17,4,0,0.0
2301,172.72,135.0,177.8,Orthodox,1984-11-04,16,1,0,0.0
2300,175.26,145.0,182.88,Switch,1995-10-16,12,5,0,0.0
2298,172.72,135.0,175.26,Orthodox,1995-11-14,10,3,0,0.0
2293,182.88,170.0,182.88,Orthodox,1982-04-17,20,7,0,0.0
2292,175.26,145.0,190.5,Southpaw,1995-12-20,12,5,0,0.0
2291,170.18,135.0,182.88,Orthodox,1987-06-20,5,3,0,0.0
2285,165.1,125.0,172.72,Southpaw,1993-11-14,19,6,0,0.0
2281,172.72,155.0,167.64,Orthodox,1977-09-20,10,6,0,0.0
2279,180.34,170.0,190.5,Orthodox,1994-01-17,9,2,0,0.0
2278,170.18,155.0,180.34,Southpaw,2001-08-12,4,2,0,0.0
2277,165.1,125.0,167.64,Southpaw,1995-11-15,5,2,0,0.0
2273,167.64,135.0,162.56,Orthodox,1991-12-19,15,2,0,0.0
2272,180.34,145.0,182.88,Orthodox,1988-03-26,23,7,0,0.0
2265,170.18,135.0,175.26,Orthodox,1997-05-15,10,4,0,0.0
2261,170.18,125.0,172.72,Orthodox,1981-02-21,9,3,0,0.0
2258,175.26,135.0,177.8,Switch,1987-01-21,8,3,0,0.0
2257,175.26,155.0,177.8,Orthodox,1984-09-12,14,5,0,0.0
2255,182.88,185.0,177.8,Southpaw,1977-10-31,13,4,0,0.0
2254,180.34,185.0,187.96,Orthodox,1979-09-01,18,6,0,0.0
2252,180.34,145.0,180.34,Orthodox,1992-09-16,11,1,0,0.0
2249,167.64,135.0,167.64,Orthodox,1991-03-18,26,11,0,0.0
2246,177.8,155.0,175.26,Orthodox,1982-10-21,9,3,0,0.0
2244,172.72,155.0,185.42,Orthodox,1986-11-04,24,4,0,0.0
2240,172.72,135.0,177.8,Orthodox,1988-07-17,8,3,0,0.0
2239,175.26,185.0,187.96,Southpaw,1990-08-24,14,0,0,0.0
2238,180.34,155.0,185.42,Orthodox,1991-02-11,17,9,0,0.0
2237,170.18,135.0,167.64,Orthodox,1991-12-08,17,7,0,0.0
2233,175.26,145.0,182.88,Orthodox,1995-06-28,8,4,0,0.0
2224,172.72,135.0,182.88,Orthodox,1993-07-21,10,2,0,0.0
2223,185.42,170.0,187.96,Southpaw,1990-06-19,13,5,0,0.0
2222,175.26,155.0,180.34,Orthodox,1992-01-29,11,4,0,0.0
2221,182.88,155.0,182.88,Orthodox,1993-10-17,9,3,0,0.0
2218,182.88,205.0,182.88,Switch,1991-01-03,15,8,0,0.0
2217,177.8,185.0,185.42,Orthodox,1981-01-30,25,9,0,0.0
2216,170.18,135.0,180.34,Orthodox,1989-05-21,11,3,0,0.0
2212,182.88,170.0,180.34,Southpaw,2000-08-21,6,3,0,0.0
2211,177.8,155.0,190.5,Switch,1994-04-13,12,6,0,0.0
2209,165.1,125.0,162.56,Orthodox,1988-04-13,7,4,0,0.0
2206,165.1,125.0,170.18,Southpaw,1992-08-15,9,5,0,0.0
2198,177.8,145.0,180.34,Orthodox,1992-07-14,20,5,0,0.0
2197,177.8,205.0,185.42,Orthodox,1988-04-03,11,5,0,0.0
2193,177.8,170.0,180.34,Southpaw,1988-10-04,16,6,0,0.0
2187,187.96,205.0,185.42,Orthodox,1992-10-17,10,1,0,0.0
2184,162.56,115.0,167.64,Orthodox,1989-02-08,6,3,0,0.0
2181,182.88,185.0,190.5,Southpaw,1991-05-04,12,2,0,0.0
2178,177.8,170.0,185.42,Orthodox,1977-11-30,17,11,0,0.0
2177,170.18,125.0,175.26,Switch,1997-01-22,6,1,0,0.0
2171,160.02,115.0,162.56,Orthodox,1985-10-15,15,7,0,0.0
2169,177.8,170.0,182.88,Orthodox,1988-01-13,22,12,0,0.0
2168,187.96,170.0,185.42,Orthodox,1986-06-04,28,9,0,0.0
2163,190.5,205.0,195.58,Orthodox,1992-03-07,30,9,0,0.0
2162,190.5,185.0,190.5,Southpaw,1989-10-04,8,1,0,0.0
2159,182.88,185.0,185.42,Orthodox,1989-06-07,15,5,0,0.0
2158,172.72,155.0,182.88,Orthodox,1984-05-01,24,10,0,0.0
2156,165.1,125.0,167.64,Orthodox,2000-09-09,8,1,0,0.0
2155,172.72,170.0,177.8,Orthodox,1984-05-02,20,2,0,0.0
2150,195.58,170.0,195.58,Switch,1989-01-23,8,4,0,0.0
2149,185.42,170.0,185.42,Orthodox,1996-08-23,8,0,0,0.0
2145,180.34,155.0,182.88,Orthodox,1992-01-08,12,4,0,0.0
2136,170.18,135.0,180.34,Orthodox,1993-01-07,12,3,0,0.0
2134,167.64,135.0,167.64,Orthodox,1995-03-01,9,3,0,0.0
2133,185.42,170.0,187.96,Southpaw,1983-10-01,14,3,0,0.0
2130,175.26,145.0,175.26,Orthodox,1984-06-08,11,2,0,0.0
2128,185.42,170.0,193.04,Orthodox,1992-08-14,9,2,0,0.0
2124,172.72,145.0,180.34,Orthodox,1982-05-21,20,8,0,0.0
2123,190.5,185.0,190.5,Orthodox,1975-06-03,26,13,0,0.0
2121,175.26,145.0,182.88,Orthodox,1988-06-06,17,5,0,0.0
2116,170.18,135.0,165.1,Orthodox,1982-03-13,10,8,0,0.0
2115,167.64,135.0,185.42,Southpaw,1992-04-08,19,3,0,0.0
2114,177.8,170.0,180.34,Orthodox,1986-07-23,13,4,0,0.0
2112,167.64,145.0,167.64,Orthodox,1997-10-15,12,5,0,0.0
2109,177.8,145.0,177.8,Orthodox,1984-05-18,8,5,0,0.0
2103,165.1,125.0,172.72,Orthodox,1988-08-01,7,5,0,0.0
2100,170.18,115.0,167.64,Orthodox,1994-05-03,10,3,0,0.0
2095,172.72,145.0,170.18,Orthodox,1990-05-15,10,4,0,0.0
2094,185.42,145.0,187.96,Orthodox,1993-06-26,4,1,0,0.0
2090,182.88,155.0,185.42,Orthodox,1985-08-15,15,5,0,0.0
2089,167.64,135.0,175.26,Orthodox,1991-10-25,13,1,0,0.0
2088,185.42,170.0,193.04,Orthodox,1987-11-16,11,3,0,0.0
2087,175.26,185.0,177.8,Southpaw,1972-05-25,9,3,0,0.0
2086,175.26,145.0,187.96,Orthodox,1985-08-28,6,1,0,0.0
2085,175.26,155.0,180.34,Southpaw,1995-06-02,11,2,0,0.0
2083,180.34,185.0,185.42,Southpaw,1980-07-21,22,11,0,0.0
2070,175.26,170.0,195.58,Orthodox,1992-09-04,18,8,0,0.0
2068,167.64,125.0,175.26,Orthodox,1989-02-11,13,8,0,0.0
2067,177.8,145.0,185.42,Orthodox,1995-11-13,10,1,0,0.0
2066,165.1,125.0,165.1,Orthodox,2002-09-10,8,1,0,0.0
2065,172.72,135.0,175.26,Orthodox,1994-05-09,9,1,0,0.0
2062,172.72,135.0,185.42,Orthodox,1994-03-15,6,0,0,0.0
2061,160.02,135.0,162.56,Orthodox,1996-11-04,8,3,0,0.0
2060,185.42,185.0,198.12,Orthodox,1981-09-06,28,9,0,0.0
2054,175.26,170.0,182.88,Orthodox,1982-03-10,14,4,0,0.0
2050,165.1,125.0,162.56,Orthodox,1990-02-16,9,6,0,0.0
2042,170.18,115.0,172.72,Orthodox,1983-04-29,8,6,0,0.0
2041,170.18,145.0,180.34,Southpaw,1992-08-21,5,3,0,0.0
2039,175.26,155.0,177.8,Southpaw,1982-07-17,22,7,0,0.0
2036,175.26,155.0,180.34,Southpaw,1991-09-30,8,1,0,0.0
2033,190.5,185.0,200.66,Orthodox,1991-05-05,7,3,0,0.0
2032,162.56,135.0,177.8,Orthodox,1997-08-02,6,2,0,0.0
2031,182.88,155.0,190.5,Orthodox,1996-03-04,6,2,0,0.0
2029,182.88,170.0,180.34,Orthodox,1988-03-20,19,8,0,0.0
2028,165.1,125.0,170.18,Orthodox,1996-07-27,19,7,0,0.0
2026,187.96,205.0,193.04,Orthodox,1969-12-17,21,8,0,0.0
2025,180.34,155.0,185.42,Orthodox,1989-07-07,12,3,0,0.0
2017,165.1,115.0,165.1,Orthodox,1982-03-15,9,5,0,0.0
2016,187.96,170.0,190.5,Orthodox,1989-01-31,17,9,0,0.0
2011,172.72,145.0,182.88,Orthodox,1997-04-21,8,2,0,0.0
2010,182.88,185.0,187.96,Southpaw,1970-05-17,22,9,0,0.0
2008,160.02,135.0,170.18,Orthodox,1990-06-12,31,9,0,0.0
2007,177.8,145.0,177.8,Orthodox,1994-07-10,9,3,0,0.0
2005,187.96,205.0,198.12,Orthodox,1985-08-17,17,5,0,0.0
2004,167.64,125.0,170.18,Orthodox,1994-01-26,16,8,0,0.0
2003,170.18,135.0,170.18,Orthodox,1991-03-02,6,2,0,0.0
2002,185.42,185.0,190.5,Orthodox,1976-02-13,13,7,0,0.0
2000,182.88,155.0,185.42,Orthodox,1999-08-02,14,2,0,0.0
1995,175.26,145.0,182.88,Orthodox,1992-05-19,6,2,0,0.0
1993,187.96,155.0,195.58,Southpaw,1995-01-24,4,2,0,0.0
1992,182.88,185.0,193.04,Orthodox,1979-12-17,23,11,0,0.0
1986,177.8,170.0,187.96,Orthodox,1993-03-18,10,3,0,0.0
1983,180.34,145.0,182.88,Orthodox,1994-12-30,22,6,0,0.0
1982,187.96,205.0,190.5,Orthodox,1993-04-24,11,1,0,0.0
1976,170.18,135.0,175.26,Southpaw,1987-01-21,10,4,0,0.0
1975,177.8,135.0,185.42,Switch,1994-04-06,10,2,0,0.0
1973,177.8,145.0,177.8,Switch,1989-12-05,17,3,0,0.0
1971,167.64,135.0,172.72,Orthodox,1996-05-18,8,1,0,0.0
1965,180.34,155.0,185.42,Orthodox,1989-12-12,9,2,0,0.0
1958,160.02,115.0,167.64,Orthodox,2002-01-08,15,5,0,0.0
1955,172.72,185.0,193.04,Orthodox,1987-07-31,11,6,0,0.0
1951,180.34,185.0,190.5,Orthodox,1973-05-12,10,6,0,0.0
1950,172.72,145.0,182.88,Orthodox,1994-07-12,12,4,0,0.0
1949,172.72,145.0,170.18,Switch,1993-06-25,16,6,0,0.0
1943,180.34,170.0,190.5,Orthodox,1991-07-01,9,3,0,0.0
1941,190.5,205.0,198.12,Orthodox,1978-09-05,5,4,0,0.0
1940,182.88,170.0,193.04,Orthodox,1989-07-22,19,4,0,0.0
1939,180.34,135.0,180.34,Switch,1993-03-18,10,2,0,0.0
1934,185.42,185.0,187.96,Southpaw,1978-05-30,24,8,0,0.0
1931,162.56,115.0,162.56,Southpaw,1988-06-27,4,1,0,0.0
1930,180.34,155.0,185.42,Orthodox,1978-06-20,14,6,0,0.0
1927,170.18,135.0,180.34,Orthodox,1990-08-16,15,5,0,0.0
1926,182.88,240.0,182.88,Orthodox,1980-02-12,8,2,0,0.0
1925,172.72,155.0,182.88,Orthodox,1984-09-23,12,1,0,0.0
1923,177.8,155.0,177.8,Orthodox,1989-04-25,13,4,0,0.0
1920,185.42,185.0,185.42,Orthodox,1987-12-14,10,3,0,0.0
1916,154.94,115.0,165.1,Orthodox,1983-08-02,11,9,0,0.0
1915,190.5,170.0,203.2,Orthodox,1987-08-03,28,12,0,0.0
1914,185.42,170.0,190.5,Orthodox,1990-06-10,10,1,0,0.0
1912,175.26,155.0,177.8,Orthodox,1984-11-29,20,2,0,0.0
1911,190.5,242.0,198.12,Orthodox,1986-11-26,14,1,0,0.0
1908,185.42,145.0,185.42,Orthodox,1991-03-01,18,1,0,0.0
1907,175.26,155.0,175.26,Southpaw,1983-05-19,24,9,0,0.0
1904,182.88,155.0,180.34,Orthodox,1999-12-01,9,3,0,0.0
1901,185.42,170.0,182.88,Southpaw,1977-11-06,28,11,0,0.0
1896,172.72,155.0,172.72,Orthodox,1985-05-03,18,9,0,0.0
1895,177.8,155.0,177.8,Southpaw,1991-10-27,24,1,0,0.0
1893,162.56,125.0,162.56,Southpaw,1983-04-19,20,8,0,0.0
1892,170.18,125.0,177.8,Southpaw,1995-02-02,17,0,0,0.0
1890,185.42,205.0,190.5,Orthodox,1980-03-17,23,11,0,0.0
1888,175.26,135.0,187.96,Orthodox,1991-08-23,4,1,0,0.0
1885,175.26,185.0,185.42,Orthodox,1995-08-26,7,3,0,0.0
1881,177.8,125.0,182.88,Orthodox,1991-06-27,14,3,0,0.0
1873,185.42,155.0,185.42,Orthodox,1992-11-19,7,3,0,0.0
1871,185.42,205.0,200.66,Orthodox,1980-02-18,17,6,0,0.0
1870,175.26,155.0,182.88,Orthodox,1977-12-03,13,6,0,0.0
1869,170.18,135.0,175.26,Orthodox,1993-03-07,15,0,0,0.0
1867,185.42,155.0,193.04,Switch,1986-10-12,6,6,0,0.0
1864,185.42,185.0,190.5,Orthodox,1988-04-21,17,5,0,0.0
1863,182.88,170.0,180.34,Orthodox,1982-03-25,17,6,0,0.0
1861,170.18,125.0,175.26,Orthodox,1985-11-08,8,9,0,0.0
1859,198.12,205.0,195.58,Orthodox,1985-12-26,11,4,0,0.0
1858,187.96,185.0,182.88,Orthodox,1990-05-08,9,4,0,0.0
1853,187.96,205.0,195.58,Orthodox,1980-07-07,10,4,0,0.0
1850,175.26,145.0,182.88,Orthodox,1999-03-03,7,2,0,0.0
1849,182.88,185.0,185.42,Orthodox,1989-12-19,23,10,0,0.0
1848,172.72,185.0,180.34,Orthodox,1980-10-10,23,11,0,0.0
1843,182.88,170.0,185.42,Orthodox,1989-12-11,17,6,0,0.0
1842,162.56,115.0,160.02,Orthodox,1994-01-29,7,5,0,0.0
1839,167.64,125.0,170.18,Orthodox,1985-06-14,21,8,0,0.0
1837,170.18,155.0,175.26,Southpaw,1983-08-07,9,4,0,0.0
1836,172.72,135.0,177.8,Southpaw,1994-04-20,18,4,0,0.0
1833,177.8,135.0,177.8,Orthodox,1996-03-25,10,4,0,0.0
1832,172.72,155.0,177.8,Orthodox,1991-07-17,13,5,0,0.0
1830,157.48000000000002,115.0,167.64,Southpaw,1997-08-18,7,1,0,0.0
1828,177.8,155.0,182.88,Southpaw,1982-12-16,28,9,0,0.0
1827,182.88,145.0,182.88,Southpaw,1988-11-11,19,3,0,0.0
1825,185.42,170.0,190.5,Orthodox,1982-04-20,16,10,0,0.0
1823,180.34,155.0,182.88,Orthodox,1992-07-19,11,7,0,0.0
1822,187.96,185.0,185.42,Southpaw,1982-11-01,13,9,0,0.0
1821,177.8,145.0,182.88,Orthodox,1984-09-12,26,9,0,0.0
1820,160.02,115.0,165.1,Orthodox,1994-07-31,2,1,0,0.0
1818,172.72,205.0,170.18,Orthodox,1994-02-23,8,3,0,0.0
1814,167.64,135.0,172.72,Orthodox,1999-09-09,14,0,0,0.0
1813,170.18,145.0,167.64,Orthodox,1992-10-08,13,6,0,0.0
1810,180.34,170.0,185.42,Orthodox,1994-08-19,19,6,0,0.0
1805,182.88,205.0,187.96,Orthodox,1971-01-04,27,8,0,0.0
1804,160.02,125.0,165.1,Southpaw,1997-07-01,14,5,0,0.0
1803,182.88,185.0,193.04,Southpaw,1997-12-23,8,2,0,0.0
1796,167.64,125.0,172.72,Southpaw,1988-08-19,7,6,0,0.0
1795,170.18,125.0,177.8,Orthodox,1997-03-25,9,4,0,0.0
1790,162.56,125.0,157.48,Orthodox,1990-05-04,13,6,0,0.0
1789,177.8,185.0,180.34,Orthodox,1980-08-06,10,5,0,0.0
1787,182.88,170.0,193.04,Orthodox,1981-09-24,8,5,0,0.0
1786,193.04,185.0,193.04,Switch,1986-11-05,14,5,0,0.0
1785,175.26,155.0,175.26,Orthodox,1977-05-26,19,8,0,0.0
1783,190.5,185.0,190.5,Southpaw,1983-05-03,28,10,0,0.0
1780,175.26,135.0,177.8,Orthodox,1991-01-15,17,4,0,0.0
1776,182.88,185.0,182.88,Southpaw,1978-07-27,12,7,0,0.0
1773,180.34,170.0,190.5,Orthodox,1984-12-12,22,12,0,0.0
1772,172.72,135.0,175.26,Orthodox,1990-05-07,8,1,0,0.0
1768,175.26,155.0,187.96,Southpaw,1988-07-14,22,6,0,0.0
1762,182.88,185.0,187.96,Orthodox,1982-07-21,14,9,0,0.0
1761,182.88,155.0,182.88,Switch,1987-12-16,16,10,0,0.0
1760,177.8,155.0,185.42,Switch,1994-09-15,14,5,0,0.0
1757,185.42,185.0,182.88,Southpaw,1982-09-01,13,6,0,0.0
1756,167.64,135.0,167.64,Orthodox,1980-09-24,13,6,0,0.0
1747,185.42,170.0,180.34,Southpaw,1993-04-25,9,1,0,0.0
1744,182.88,205.0,187.96,Orthodox,1991-05-17,11,2,0,0.0
1737,182.88,170.0,185.42,Orthodox,1989-10-10,31,12,0,0.0
1733,175.26,145.0,185.42,Orthodox,1982-04-12,22,8,0,0.0
1729,165.1,135.0,165.1,Orthodox,1988-03-27,11,8,0,0.0
1728,190.5,205.0,195.58,Southpaw,1981-04-19,18,13,0,0.0
1727,167.64,145.0,167.64,Orthodox,1985-05-01,18,5,0,0.0
1726,167.64,135.0,165.1,Orthodox,1983-03-03,6,2,0,0.0
1724,167.64,125.0,180.34,Orthodox,1999-01-17,10,1,0,0.0
1722,170.18,125.0,172.72,Southpaw,1988-02-15,13,0,0,0.0
1720,167.64,145.0,162.56,Orthodox,1982-05-30,25,12,0,0.0
1708,182.88,170.0,193.04,Orthodox,1988-07-18,13,6,0,0.0
1705,182.88,155.0,187.96,Southpaw,1976-08-21,15,3,0,0.0
1700,180.34,205.0,185.42,Orthodox,1980-03-30,10,6,0,0.0
1697,187.96,170.0,193.04,Orthodox,1987-12-01,17,5,0,0.0
1688,172.72,135.0,182.88,Orthodox,1992-08-10,6,0,0,0.0
1687,170.18,125.0,167.64,Orthodox,1996-05-07,4,3,0,0.0
1684,190.5,205.0,193.04,Orthodox,1987-07-03,8,4,0,0.0
1683,182.88,170.0,195.58,Orthodox,1982-05-02,13,1,0,0.0
1677,193.04,240.0,203.2,Orthodox,1982-08-19,20,4,0,0.0
1674,190.5,185.0,187.96,Orthodox,1979-07-12,14,7,0,0.0
1673,185.42,185.0,195.58,Orthodox,1979-03-10,12,5,0,0.0
1672,180.34,145.0,180.34,Orthodox,1990-03-25,17,6,0,0.0
1666,182.88,170.0,190.5,Orthodox,1979-10-24,22,7,0,0.0
1662,177.8,145.0,177.8,Southpaw,1994-10-04,16,2,0,0.0
1660,177.8,135.0,187.96,Orthodox,1989-12-30,14,4,0,0.0
1656,175.26,170.0,180.34,Orthodox,1981-09-22,12,7,0,0.0
1650,160.02,115.0,165.1,Orthodox,1994-08-19,15,6,0,0.0
1645,175.26,155.0,182.88,Orthodox,1983-03-03,9,7,0,0.0
1643,175.26,155.0,177.8,Orthodox,1995-03-23,17,7,0,0.0
1641,167.64,125.0,170.18,Southpaw,1985-09-15,13,3,0,0.0
1640,172.72,145.0,182.88,Orthodox,1992-06-13,8,5,0,0.0
1638,167.64,125.0,175.26,Orthodox,1997-07-17,11,2,0,0.0
1634,167.64,125.0,170.18,Southpaw,1987-11-03,13,5,0,0.0
1632,185.42,170.0,185.42,Orthodox,1984-10-25,15,3,0,0.0
1631,182.88,170.0,185.42,Orthodox,1985-11-19,7,5,0,0.0
1630,165.1,135.0,165.1,Southpaw,1988-12-16,5,3,0,0.0
1627,177.8,170.0,180.34,Switch,1988-04-10,9,5,0,0.0
1625,175.26,170.0,180.34,Southpaw,1983-12-30,16,7,0,0.0
1622,177.8,135.0,177.8,Southpaw,1993-10-16,10,5,0,0.0
1619,172.72,145.0,182.88,Orthodox,1990-10-11,11,4,0,0.0
1618,167.64,125.0,167.64,Orthodox,1984-03-20,19,7,0,0.0
1614,167.64,125.0,175.26,Switch,1994-08-22,9,2,0,0.0
1613,175.26,135.0,177.8,Orthodox,1990-11-12,11,7,0,0.0
1612,180.34,155.0,185.42,Orthodox,1985-10-17,11,4,0,0.0
1611,182.88,170.0,200.66,Orthodox,1999-06-24,15,0,0,0.0
1610,170.18,135.0,170.18,Orthodox,1988-04-30,6,8,0,0.0
1605,193.04,205.0,193.04,Orthodox,1989-02-28,9,5,0,0.0
1601,182.88,155.0,185.42,Southpaw,1986-11-21,13,6,0,0.0
1598,177.8,145.0,180.34,Orthodox,1991-05-14,11,5,0,0.0
1596,170.18,125.0,170.18,Orthodox,1991-09-08,11,5,0,0.0
1595,167.64,135.0,170.18,Orthodox,1989-06-14,19,5,0,0.0
1589,162.56,125.0,175.26,Orthodox,1995-04-15,8,2,0,0.0
1587,175.26,155.0,177.8,Orthodox,1993-02-08,13,5,0,0.0
1585,167.64,115.0,170.18,Orthodox,1994-02-28,9,0,0,0.0
1583,170.18,135.0,172.72,Southpaw,1992-08-09,9,6,0,0.0
1581,154.94,115.0,165.1,Orthodox,1989-03-17,4,3,0,0.0
1580,190.5,205.0,187.96,Orthodox,1994-10-26,19,13,0,0.0
1578,165.1,125.0,170.18,Orthodox,1991-11-15,5,3,0,0.0
1574,177.8,243.0,185.42,Orthodox,1988-02-20,11,2,0,0.0
1573,182.88,155.0,187.96,Orthodox,1994-08-17,17,6,0,0.0
1570,185.42,185.0,198.12,Southpaw,1990-02-17,23,6,0,0.0
1569,182.88,185.0,180.34,Orthodox,1978-02-09,14,6,0,0.0
1568,175.26,155.0,182.88,Switch,1990-02-27,7,2,0,0.0
1567,175.26,135.0,180.34,Orthodox,1993-02-16,12,3,0,0.0
1565,177.8,145.0,182.88,Southpaw,1993-12-21,6,0,0,0.0
1564,187.96,185.0,190.5,Orthodox,1990-02-08,26,8,0,0.0
1561,154.94,115.0,157.48,Orthodox,1993-08-10,12,2,0,0.0
1558,185.42,170.0,190.5,Orthodox,1999-08-28,8,0,0,0.0
1554,165.1,125.0,170.18,Orthodox,1983-07-27,16,6,0,0.0
1550,190.5,205.0,198.12,Orthodox,1993-01-26,8,4,0,0.0
1549,182.88,185.0,193.04,Orthodox,1993-07-15,14,2,0,0.0
1548,177.8,205.0,180.34,Southpaw,1989-04-12,13,0,0,0.0
1545,172.72,155.0,180.34,Orthodox,1988-08-02,14,4,0,0.0
1536,175.26,145.0,177.8,Orthodox,1994-08-07,9,2,0,0.0
1532,180.34,205.0,177.8,Orthodox,1979-07-16,21,13,0,0.0
1528,170.18,135.0,172.72,Southpaw,1995-03-23,8,0,0,0.0
1523,165.1,125.0,165.1,Orthodox,1992-06-29,12,6,0,0.0
1521,172.72,145.0,177.8,Orthodox,1987-04-14,12,4,0,0.0
1518,172.72,125.0,175.26,Orthodox,1991-09-11,20,6,0,0.0
1516,182.88,170.0,187.96,Orthodox,1990-03-26,8,4,0,0.0
1514,182.88,205.0,180.34,Orthodox,1991-10-06,9,1,0,0.0
1511,167.64,135.0,177.8,Orthodox,1993-04-02,9,4,0,0.0
1510,177.8,170.0,187.96,Orthodox,1996-08-18,19,4,0,0.0
1507,182.88,185.0,195.58,Orthodox,1994-10-14,6,4,0,0.0
1503,180.34,170.0,190.5,Southpaw,1990-08-28,15,5,0,0.0
1500,182.88,205.0,198.12,Orthodox,1994-09-04,13,2,0,0.0
1498,175.26,155.0,177.8,Southpaw,1984-11-29,16,7,0,0.0
1483,165.1,125.0,165.1,Switch,1988-08-03,16,8,0,0.0
1482,180.34,145.0,185.42,Switch,1993-05-19,9,1,0,0.0
1481,193.04,185.0,195.58,Orthodox,1990-05-02,7,4,0,0.0
1480,185.42,185.0,193.04,Southpaw,1996-01-14,5,0,0,0.0
1474,180.34,155.0,190.5,Orthodox,1988-04-01,9,6,0,0.0
1457,187.96,205.0,190.5,Southpaw,1976-06-02,23,10,0,0.0
1453,190.5,155.0,185.42,Southpaw,2000-03-08,6,0,0,0.0
1450,182.88,170.0,180.34,Orthodox,1996-03-01,11,2,0,0.0
1443,187.96,170.0,190.5,Southpaw,2001-01-12,9,1,0,0.0
1441,167.64,145.0,170.18,Orthodox,1982-11-30,19,7,0,0.0
1440,172.72,135.0,175.26,Orthodox,1988-05-30,23,5,0,0.0
1439,165.1,125.0,162.56,Orthodox,1985-12-03,11,7,0,0.0
1437,157.48000000000002,145.0,170.18,Southpaw,1993-12-23,10,1,0,0.0
1436,177.8,155.0,177.8,Orthodox,1988-09-20,29,0,0,0.0
1435,172.72,135.0,177.8,Orthodox,1992-04-05,17,3,0,0.0
1433,172.72,135.0,175.26,Orthodox,1996-01-03,16,0,0,0.0
1431,190.5,205.0,193.04,Orthodox,1984-09-25,15,4,0,0.0
1429,185.42,205.0,187.96,Orthodox,1983-09-02,17,9,0,0.0
1423,167.64,125.0,175.26,Orthodox,1997-10-07,9,1,0,0.0
1419,172.72,135.0,175.26,Orthodox,1996-02-05,2,1,0,0.0
1417,187.96,205.0,190.5,Orthodox,1989-09-19,19,7,0,0.0
1415,180.34,155.0,182.88,Orthodox,1989-11-14,16,6,0,0.0
1414,172.72,145.0,175.26,Orthodox,1989-02-16,9,6,0,0.0
1408,180.34,155.0,193.04,Orthodox,1990-11-04,7,1,0,0.0
1407,177.8,155.0,185.42,Orthodox,1995-11-15,8,1,0,0.0
1402,172.72,155.0,180.34,Orthodox,1982-01-26,17,8,0,0.0
1397,167.64,115.0,175.26,Orthodox,1996-12-12,13,7,0,0.0
1396,193.04,205.0,203.2,Orthodox,1984-05-02,8,2,0,0.0
1395,162.56,135.0,182.88,Orthodox,1991-04-21,18,5,0,0.0
1394,175.26,135.0,177.8,Switch,1995-11-30,19,3,0,0.0
1385,185.42,170.0,180.34,Switch,1993-02-24,13,2,0,0.0
1381,180.34,145.0,187.96,Orthodox,1994-06-07,11,2,0,0.0
1380,187.96,155.0,187.96,Switch,1991-07-04,11,9,0,0.0
1374,165.1,125.0,165.1,Orthodox,1988-12-25,19,8,0,0.0
1370,187.96,170.0,193.04,Orthodox,1984-12-30,6,3,0,0.0
1368,160.02,125.0,157.48,Orthodox,1991-02-25,4,6,0,0.0
1364,180.34,170.0,182.88,Orthodox,1986-12-22,17,7,0,0.0
1362,172.72,170.0,187.96,Orthodox,1992-04-11,8,4,0,0.0
1357,165.1,125.0,165.1,Orthodox,1986-03-27,9,5,0,0.0
1355,170.18,135.0,172.72,Orthodox,1987-04-17,8,3,0,0.0
1353,172.72,145.0,177.8,Orthodox,1992-01-13,7,2,0,0.0
1352,185.42,155.0,190.5,Orthodox,1987-05-22,8,3,0,0.0
1348,185.42,145.0,193.04,Orthodox,1996-12-15,15,5,0,0.0
1347,167.64,135.0,167.64,Orthodox,1982-09-30,19,10,0,0.0
1345,175.26,135.0,187.96,Orthodox,1987-08-05,12,11,0,0.0
1343,172.72,135.0,175.26,Orthodox,1995-10-17,21,5,0,0.0
1342,175.26,145.0,180.34,Southpaw,1988-05-26,13,8,0,0.0
1340,177.8,145.0,175.26,Orthodox,1994-12-18,8,1,0,0.0
1336,185.42,170.0,182.88,Switch,1989-03-15,6,4,0,0.0
1334,172.72,170.0,180.34,Orthodox,1980-02-26,19,8,0,0.0
1329,165.1,125.0,170.18,Orthodox,1990-04-16,26,5,0,0.0
1327,160.02,115.0,160.02,Orthodox,1993-04-28,3,2,0,0.0
1319,177.8,185.0,185.42,Orthodox,1991-02-27,17,5,0,0.0
1318,182.88,155.0,177.8,Orthodox,1986-03-22,12,3,0,0.0
1317,170.18,125.0,167.64,Orthodox,1995-11-04,8,0,0,0.0
1316,172.72,155.0,182.88,Orthodox,2001-12-12,6,2,0,0.0
1308,180.34,170.0,180.34,Orthodox,1995-07-15,10,4,0,0.0
1307,175.26,170.0,175.26,Orthodox,1991-09-06,9,2,0,0.0
1305,170.18,135.0,167.64,Southpaw,1988-09-23,6,5,0,0.0
1304,165.1,125.0,167.64,Switch,1991-08-07,10,3,0,0.0
1303,185.42,185.0,190.5,Switch,1990-08-29,6,4,0,0.0
1302,167.64,155.0,180.34,Southpaw,1993-07-19,8,1,0,0.0
1299,180.34,170.0,190.5,Orthodox,1980-06-14,14,2,0,0.0
1294,187.96,205.0,193.04,Orthodox,1988-02-25,7,2,0,0.0
1292,170.18,155.0,170.18,Orthodox,1994-10-15,11,4,0,0.0
1290,182.88,170.0,185.42,Orthodox,1989-02-08,12,3,0,0.0
1286,182.88,145.0,180.34,Switch,1992-05-01,14,4,0,0.0
1282,180.34,170.0,190.5,Southpaw,1993-06-08,11,3,0,0.0
1280,190.5,205.0,200.66,Orthodox,1991-09-17,10,4,0,0.0
1276,172.72,155.0,177.8,Orthodox,1979-05-07,16,7,0,0.0
1274,167.64,135.0,175.26,Orthodox,1989-08-19,12,5,0,0.0
1273,190.5,155.0,190.5,Southpaw,1993-07-05,9,3,0,0.0
1266,165.1,115.0,170.18,Orthodox,1983-01-30,14,8,0,0.0
1263,170.18,135.0,170.18,Orthodox,1988-09-05,15,9,0,0.0
1261,170.18,145.0,185.42,Orthodox,1987-07-02,13,6,0,0.0
1258,154.94,115.0,160.02,Orthodox,1993-08-28,13,2,0,0.0
1256,193.04,205.0,200.66,Orthodox,1987-07-07,8,2,0,0.0
1251,172.72,135.0,172.72,Orthodox,1989-11-19,17,6,0,0.0
1249,180.34,155.0,185.42,Orthodox,1989-05-11,10,4,0,0.0
1247,167.64,125.0,165.1,Orthodox,1992-03-21,24,7,0,0.0
1246,185.42,185.0,185.42,Orthodox,1988-06-22,12,5,0,0.0
1245,165.1,135.0,167.64,Switch,1994-10-05,8,2,0,0.0
1244,190.5,205.0,190.5,Orthodox,1972-10-05,15,10,0,0.0
1241,170.18,135.0,170.18,Switch,1993-06-15,10,7,0,0.0
1240,177.8,170.0,180.34,Orthodox,1991-09-15,14,8,0,0.0
1238,190.5,240.0,195.58,Orthodox,1990-07-15,10,4,0,0.0
1232,177.8,145.0,177.8,Orthodox,1990-05-29,19,11,0,0.0
1231,187.96,205.0,195.58,Orthodox,1997-08-28,9,0,0,0.0
1230,182.88,185.0,185.42,Switch,1991-06-12,10,2,0,0.0
1229,190.5,185.0,180.34,Orthodox,1990-11-02,9,2,0,0.0
1228,172.72,125.0,177.8,Southpaw,1994-06-11,6,1,0,0.0
1227,182.88,205.0,193.04,Orthodox,1979-12-03,14,8,0,0.0
1225,177.8,155.0,182.88,Orthodox,1987-01-27,24,10,0,0.0
1224,167.64,125.0,175.26,Orthodox,1993-08-18,18,5,0,0.0
1223,175.26,170.0,180.34,Orthodox,1975-09-22,26,10,0,0.0
1216,175.26,135.0,180.34,Southpaw,1989-08-05,12,5,0,0.0
1215,167.64,135.0,165.1,Orthodox,1986-08-20,6,6,0,0.0
1213,172.72,135.0,182.88,Orthodox,1995-06-12,11,2,0,0.0
1209,177.8,155.0,182.88,Orthodox,1982-11-23,14,3,0,0.0
1207,187.96,185.0,203.2,Orthodox,1988-08-29,13,10,0,0.0
1203,172.72,170.0,180.34,Orthodox,1980-09-01,17,7,0,0.0
1201,182.88,170.0,193.04,Southpaw,1976-03-10,14,6,0,0.0
1199,177.8,155.0,185.42,Orthodox,1995-01-03,20,3,0,0.0
1196,167.64,135.0,182.88,Orthodox,1993-02-13,13,7,0,0.0
1195,157.48000000000002,115.0,157.48,Orthodox,1992-11-18,11,1,0,0.0
1193,177.8,185.0,190.5,Orthodox,1990-11-24,13,9,0,0.0
1191,190.5,205.0,195.58,Orthodox,1995-12-01,10,4,0,0.0
1186,157.48000000000002,115.0,160.02,Orthodox,1998-03-05,12,3,0,0.0
1183,182.88,170.0,185.42,Orthodox,1986-09-26,30,7,0,0.0
1182,170.18,135.0,172.72,Switch,1984-04-18,13,3,0,0.0
1178,190.5,205.0,190.5,Southpaw,1996-05-29,19,4,0,0.0
1177,182.88,170.0,182.88,Orthodox,1984-06-09,18,9,0,0.0
1176,187.96,225.0,195.58,Switch,1995-01-14,10,6,0,0.0
1174,182.88,155.0,185.42,Orthodox,1988-03-01,9,4,0,0.0
1173,190.5,205.0,187.96,Orthodox,1988-07-14,16,7,0,0.0
1171,177.8,155.0,175.26,Orthodox,2002-06-16,12,1,0,0.0
1169,200.66,238.0,198.12,Orthodox,1990-06-02,10,2,0,0.0
1167,185.42,170.0,198.12,Switch,1993-08-17,17,6,0,0.0
1166,167.64,170.0,170.18,Orthodox,1981-07-25,26,4,0,0.0
1164,177.8,170.0,177.8,Southpaw,1989-08-30,12,7,0,0.0
1157,162.56,125.0,170.18,Orthodox,1995-11-14,7,2,0,0.0
1156,177.8,155.0,182.88,Orthodox,1985-08-10,11,5,0,0.0
1153,172.72,135.0,170.18,Orthodox,1994-06-13,14,8,0,0.0
1152,177.8,155.0,182.88,Southpaw,1996-04-21,13,3,0,0.0
1151,175.26,125.0,180.34,Southpaw,1988-01-20,23,6,0,0.0
1144,187.96,185.0,190.5,Orthodox,1996-09-17,11,2,0,0.0
1142,172.72,125.0,167.64,Southpaw,1997-07-08,16,9,0,0.0
1139,177.8,145.0,177.8,Orthodox,1988-12-08,18,5,0,0.0
1138,182.88,185.0,182.88,Open Stance,1972-03-18,12,4,0,0.0
1133,177.8,155.0,185.42,Orthodox,1984-12-22,8,3,0,0.0
1131,172.72,135.0,175.26,Southpaw,1990-07-28,9,5,0,0.0
1130,172.72,135.0,177.8,Orthodox,1996-04-26,18,4,0,0.0
1127,175.26,170.0,182.88,Orthodox,1990-07-09,8,3,0,0.0
1122,185.42,170.0,195.58,Switch,1983-06-29,12,6,0,0.0
1121,185.42,170.0,195.58,Orthodox,1994-10-23,17,0,0,0.0
1119,193.04,205.0,198.12,Orthodox,1992-02-06,14,3,0,0.0
1112,180.34,170.0,180.34,Orthodox,1992-11-03,7,1,0,0.0
1108,175.26,145.0,182.88,Orthodox,1995-08-01,16,5,0,0.0
1107,167.64,155.0,177.8,Orthodox,1986-11-05,10,4,0,0.0
1103,165.1,125.0,162.56,Switch,1998-10-16,5,1,0,0.0
1100,177.8,155.0,180.34,Orthodox,1983-03-05,7,3,0,0.0
1099,167.64,125.0,162.56,Orthodox,1989-02-11,7,8,0,0.0
1096,177.8,155.0,177.8,Southpaw,1990-03-25,23,9,0,0.0
1093,177.8,185.0,185.42,Orthodox,1985-08-11,12,5,0,0.0
1091,170.18,155.0,167.64,Southpaw,1992-11-03,18,1,0,0.0
1090,165.1,135.0,170.18,Orthodox,1980-10-16,9,4,0,0.0
1089,182.88,240.0,185.42,Southpaw,1982-06-13,24,8,0,0.0
1086,190.5,205.0,198.12,Orthodox,1988-10-27,6,1,0,0.0
1085,160.02,115.0,160.02,Orthodox,1992-12-05,7,4,0,0.0
1081,193.04,185.0,195.58,Switch,1994-03-24,6,0,0,0.0
1080,180.34,185.0,193.04,Orthodox,1991-08-05,9,4,0,0.0
1077,162.56,125.0,165.1,Southpaw,1985-01-06,23,10,0,0.0
1075,190.5,205.0,205.74,Southpaw,1984-03-20,15,8,0,0.0
1073,182.88,205.0,185.42,Orthodox,1994-01-25,12,3,0,0.0
1072,187.96,170.0,190.5,Southpaw,1986-12-31,14,4,0,0.0
1071,172.72,135.0,172.72,Orthodox,1989-03-16,6,0,0,0.0
1069,175.26,170.0,182.88,Switch,1997-02-05,8,2,0,0.0
1066,180.34,155.0,180.34,Orthodox,1984-11-07,8,7,0,0.0
1065,193.04,205.0,195.58,Southpaw,1989-12-26,12,4,0,0.0
1064,180.34,155.0,185.42,Orthodox,1986-10-02,13,4,0,0.0
1059,185.42,170.0,187.96,Orthodox,1989-12-04,10,5,0,0.0
1057,160.02,125.0,167.64,Orthodox,1993-08-26,11,4,0,0.0
1054,185.42,185.0,195.58,Orthodox,1992-07-17,11,4,0,0.0
1052,177.8,155.0,175.26,Orthodox,1996-04-27,12,1,0,0.0
1051,182.88,155.0,193.04,Southpaw,1986-03-18,11,5,0,0.0
1042,170.18,155.0,180.34,Orthodox,1991-09-30,10,4,0,0.0
1035,177.8,145.0,182.88,Orthodox,1987-09-25,14,7,0,0.0
1034,182.88,185.0,187.96,Southpaw,1979-02-10,14,4,0,0.0
1033,175.26,145.0,172.72,Orthodox,2000-07-14,6,1,0,0.0
1032,177.8,155.0,177.8,Orthodox,1981-07-06,10,5,0,0.0
1027,172.72,145.0,175.26,Orthodox,1991-11-11,10,2,0,0.0
1026,185.42,185.0,185.42,Orthodox,1972-02-28,20,9,0,0.0
1021,162.56,135.0,172.72,Orthodox,1989-06-29,23,5,0,0.0
1020,167.64,135.0,170.18,Southpaw,1989-02-14,10,6,0,0.0
1019,177.8,125.0,182.88,Southpaw,1995-04-22,10,6,0,0.0
1016,170.18,145.0,165.1,Orthodox,1994-08-10,5,1,0,0.0
1014,160.02,115.0,160.02,Orthodox,1984-07-05,6,3,0,0.0
1013,185.42,205.0,187.96,Southpaw,1990-10-04,9,6,0,0.0
1006,177.8,170.0,187.96,Southpaw,1980-08-05,15,7,0,0.0
1004,185.42,170.0,187.96,Southpaw,1987-07-14,18,8,0,0.0
1002,177.8,170.0,187.96,Orthodox,1984-02-14,15,5,0,0.0
1001,165.1,115.0,160.02,Orthodox,1995-05-17,12,8,0,0.0
997,175.26,155.0,172.72,Southpaw,1982-07-16,15,9,0,0.0
995,177.8,155.0,185.42,Orthodox,1982-06-06,14,4,0,0.0
994,177.8,170.0,185.42,Orthodox,1981-07-12,9,4,0,0.0
990,190.5,185.0,195.58,Southpaw,1984-10-17,16,6,0,0.0
988,190.5,185.0,190.5,Orthodox,1992-02-17,14,5,0,0.0
987,165.1,135.0,170.18,Orthodox,1995-10-22,8,3,0,0.0
980,185.42,170.0,187.96,Southpaw,1986-12-31,17,4,0,0.0
979,170.18,135.0,177.8,Orthodox,1987-12-10,16,8,0,0.0
978,167.64,125.0,165.1,Orthodox,1999-05-07,11,2,0,0.0
977,172.72,135.0,175.26,Orthodox,1996-06-16,7,3,0,0.0
976,165.1,125.0,170.18,Switch,1992-09-05,7,4,0,0.0
975,160.02,115.0,160.02,Orthodox,1992-11-11,9,1,0,0.0
974,170.18,135.0,180.34,Orthodox,1997-12-17,9,1,0,0.0
973,175.26,155.0,180.34,Switch,1996-11-13,5,1,0,0.0
967,185.42,155.0,180.34,Orthodox,1994-09-27,5,1,0,0.0
966,172.72,145.0,180.34,Orthodox,1988-07-02,16,10,0,0.0
965,177.8,155.0,182.88,Orthodox,1979-07-14,11,7,0,0.0
961,182.88,205.0,193.04,Orthodox,1978-04-15,11,3,0,0.0
960,182.88,185.0,185.42,Southpaw,1977-04-30,13,5,0,0.0
959,180.34,155.0,177.8,Orthodox,1997-02-25,8,0,0,0.0
958,177.8,145.0,175.26,Switch,1996-04-19,6,2,0,0.0
955,160.02,125.0,162.56,Southpaw,1995-02-17,4,2,0,0.0
954,175.26,155.0,182.88,Orthodox,2000-03-07,24,5,0,0.0
950,193.04,205.0,195.58,Orthodox,1983-05-28,18,6,0,0.0
949,175.26,145.0,175.26,Switch,1986-08-24,14,8,0,0.0
948,165.1,145.0,170.18,Orthodox,1994-12-30,17,5,0,0.0
947,180.34,155.0,187.96,Orthodox,1995-07-28,13,7,0,0.0
946,175.26,135.0,170.18,Switch,2004-10-08,8,1,0,0.0
945,160.02,115.0,160.02,Orthodox,1992-11-11,4,2,0,0.0
940,167.64,125.0,167.64,Switch,1989-05-12,13,8,0,0.0
934,170.18,135.0,167.64,Orthodox,1987-02-01,12,2,0,0.0
931,190.5,170.0,203.2,Orthodox,1990-07-18,10,4,0,0.0
927,175.26,125.0,172.72,Southpaw,1992-08-16,15,6,0,0.0
926,187.96,242.0,198.12,Orthodox,1988-03-17,13,5,0,0.0
919,180.34,170.0,190.5,Orthodox,1996-06-17,8,1,0,0.0
909,172.72,135.0,170.18,Southpaw,2000-12-20,9,0,0,0.0
907,177.8,135.0,180.34,Orthodox,1993-03-31,9,1,0,0.0
906,172.72,145.0,177.8,Orthodox,1990-11-09,18,4,0,0.0
905,177.8,170.0,190.5,Orthodox,1980-08-27,6,5,0,0.0
904,177.8,155.0,175.26,Southpaw,1994-05-16,9,1,0,0.0
903,167.64,135.0,167.64,Orthodox,1980-08-12,13,7,0,0.0
902,185.42,185.0,198.12,Orthodox,1986-10-14,9,3,0,0.0
901,177.8,170.0,177.8,Switch,1986-09-06,16,7,0,0.0
900,180.34,155.0,180.34,Orthodox,1985-11-23,12,4,0,0.0
897,172.72,155.0,180.34,Orthodox,1990-11-27,13,3,0,0.0
892,182.88,205.0,185.42,Orthodox,1983-10-19,1,2,0,0.0
888,172.72,155.0,177.8,Southpaw,1982-03-13,12,7,0,0.0
883,180.34,170.0,177.8,Orthodox,1984-06-09,19,4,0,0.0
880,182.88,155.0,193.04,Orthodox,1999-12-28,4,1,0,0.0
878,175.26,135.0,175.26,Southpaw,1990-11-20,6,3,0,0.0
877,185.42,185.0,187.96,Southpaw,1985-03-21,14,3,0,0.0
876,170.18,125.0,177.8,Southpaw,1996-07-24,14,6,0,0.0
875,175.26,155.0,175.26,Southpaw,1993-05-20,5,2,0,0.0
874,190.5,185.0,200.66,Orthodox,1988-03-14,13,4,0,0.0
872,162.56,125.0,162.56,Orthodox,1984-07-24,11,5,0,0.0
870,177.8,170.0,182.88,Southpaw,1981-12-31,31,13,0,0.0
869,187.96,230.0,187.96,Orthodox,1982-11-04,15,8,0,0.0
865,167.64,135.0,172.72,Orthodox,1991-06-24,11,4,0,0.0
862,185.42,185.0,187.96,Orthodox,1988-04-08,13,7,0,0.0
861,167.64,125.0,167.64,Orthodox,1986-03-05,8,2,0,0.0
859,167.64,135.0,170.18,Southpaw,1985-12-12,13,5,0,0.0
857,180.34,135.0,177.8,Switch,1992-04-20,17,4,0,0.0
853,157.48000000000002,125.0,162.56,Orthodox,1986-07-19,14,4,0,0.0
847,170.18,145.0,185.42,Orthodox,1996-01-10,3,1,0,0.0
846,185.42,155.0,190.5,Orthodox,1991-06-04,6,1,0,0.0
844,185.42,170.0,190.5,Orthodox,1980-10-09,25,12,0,0.0
843,177.8,145.0,175.26,Orthodox,1989-07-28,19,12,0,0.0
841,170.18,135.0,170.18,Southpaw,1992-10-10,7,2,0,0.0
832,187.96,205.0,193.04,Orthodox,1984-01-07,22,11,0,0.0
827,167.64,125.0,172.72,Orthodox,1993-06-22,19,3,0,0.0
824,170.18,135.0,170.18,Orthodox,1995-03-12,12,2,0,0.0
823,175.26,145.0,177.8,Orthodox,1996-11-28,10,2,0,0.0
822,167.64,125.0,170.18,Orthodox,2000-04-16,6,1,0,0.0
819,175.26,185.0,185.42,Orthodox,1982-08-21,10,6,0,0.0
818,172.72,155.0,175.26,Orthodox,1995-01-01,13,3,0,0.0
811,182.88,155.0,185.42,Orthodox,1988-08-04,14,2,0,0.0
807,177.8,170.0,185.42,Southpaw,1990-06-09,16,7,0,0.0
799,170.18,155.0,172.72,Orthodox,1994-02-21,8,4,0,0.0
793,193.04,245.0,198.12,Orthodox,1983-03-18,10,5,0,0.0
792,187.96,205.0,190.5,Orthodox,1992-11-04,14,7,0,0.0
773,170.18,125.0,167.64,Southpaw,1992-05-02,11,5,0,0.0
772,185.42,170.0,193.04,Orthodox,1989-06-24,11,6,0,0.0
767,162.56,125.0,162.56,Orthodox,1979-08-30,16,13,0,0.0
762,182.88,170.0,190.5,Southpaw,1992-02-12,12,4,0,0.0
761,180.34,170.0,190.5,Orthodox,1982-08-05,10,7,0,0.0
760,185.42,170.0,190.5,Switch,1992-11-23,11,6,0,0.0
756,157.48000000000002,115.0,160.02,Orthodox,1992-03-20,6,3,0,0.0
752,187.96,170.0,187.96,Orthodox,1980-05-24,8,5,0,0.0
750,167.64,170.0,172.72,Orthodox,1974-06-02,11,7,0,0.0
747,160.02,125.0,165.1,Orthodox,1979-09-22,3,2,0,0.0
742,187.96,185.0,190.5,Orthodox,1997-11-20,12,4,0,0.0
741,193.04,170.0,187.96,Orthodox,1995-11-18,7,2,0,0.0
740,167.64,145.0,170.18,Orthodox,1990-09-16,12,5,0,0.0
739,162.56,125.0,165.1,Orthodox,1991-10-24,8,2,0,0.0
733,167.64,125.0,172.72,Orthodox,1991-02-02,12,6,0,0.0
729,172.72,125.0,170.18,Southpaw,1984-11-20,10,4,0,0.0
715,172.72,135.0,180.34,Orthodox,1995-02-06,17,1,0,0.0
711,170.18,125.0,180.34,Southpaw,1996-05-05,7,1,0,0.0
710,172.72,145.0,170.18,Orthodox,1986-02-01,15,8,0,0.0
708,180.34,135.0,182.88,Switch,1996-07-04,10,1,0,0.0
691,180.34,170.0,180.34,Southpaw,1982-09-06,14,4,0,0.0
688,172.72,155.0,175.26,Southpaw,1989-02-05,12,5,0,0.0
687,182.88,155.0,195.58,Orthodox,1984-05-08,8,2,0,0.0
684,182.88,185.0,187.96,Orthodox,1989-07-13,23,9,0,0.0
683,167.64,135.0,180.34,Orthodox,1994-08-26,8,2,0,0.0
682,165.1,125.0,170.18,Orthodox,1988-02-23,6,4,0,0.0
680,187.96,185.0,170.18,Orthodox,1995-05-30,7,2,0,0.0
679,160.02,115.0,162.56,Orthodox,1995-12-19,8,1,0,0.0
678,165.1,125.0,170.18,Orthodox,1993-12-02,17,4,0,0.0
677,175.26,145.0,180.34,Orthodox,1987-03-16,9,2,0,0.0
675,165.1,125.0,167.64,Orthodox,1997-04-24,8,2,0,0.0
674,170.18,145.0,175.26,Orthodox,1996-12-13,11,2,0,0.0
673,180.34,145.0,177.8,Switch,1997-01-30,8,1,0,0.0
669,180.34,155.0,185.42,Orthodox,1986-09-22,13,3,0,0.0
668,165.1,125.0,167.64,Orthodox,1997-09-06,5,1,0,0.0
667,167.64,135.0,177.8,Orthodox,1992-09-11,7,4,0,0.0
666,167.64,135.0,175.26,Orthodox,1992-08-31,20,4,0,0.0
665,182.88,170.0,185.42,Orthodox,1974-07-20,12,5,0,0.0
662,180.34,155.0,177.8,Southpaw,1985-10-14,12,4,0,0.0
658,187.96,185.0,195.58,Orthodox,1976-05-28,11,9,0,0.0
657,177.8,135.0,175.26,Orthodox,1997-05-09,11,2,0,0.0
654,185.42,170.0,187.96,Orthodox,1994-06-23,19,5,0,0.0
653,157.48000000000002,125.0,160.02,Orthodox,1991-07-27,6,3,0,0.0
633,190.5,185.0,190.5,Orthodox,1981-01-05,15,10,0,0.0
631,182.88,155.0,180.34,Orthodox,1987-08-14,7,4,0,0.0
628,175.26,155.0,193.04,Orthodox,1993-07-30,11,4,0,0.0
627,180.34,135.0,170.18,Orthodox,1989-04-05,7,2,0,0.0
626,167.64,125.0,175.26,Switch,1995-04-09,6,1,0,0.0
621,175.26,135.0,172.72,Orthodox,1991-07-16,17,9,0,0.0
620,175.26,135.0,175.26,Orthodox,1997-09-17,8,4,0,0.0
619,187.96,170.0,187.96,Orthodox,2000-08-22,8,2,0,0.0
617,177.8,170.0,182.88,Switch,1995-07-21,4,2,0,0.0
611,175.26,155.0,177.8,Orthodox,1993-08-27,13,3,0,0.0
607,182.88,170.0,180.34,Orthodox,1990-03-10,20,7,0,0.0
605,177.8,145.0,180.34,Orthodox,1992-06-26,14,5,0,0.0
602,167.64,135.0,175.26,Orthodox,1993-04-01,9,4,0,0.0
600,175.26,145.0,177.8,Orthodox,1989-10-06,14,8,0,0.0
599,180.34,185.0,182.88,Southpaw,1992-11-22,9,3,0,0.0
598,190.5,240.0,195.58,Orthodox,1989-07-06,11,0,0,0.0
595,177.8,155.0,180.34,Orthodox,1977-07-09,14,7,0,0.0
594,180.34,170.0,185.42,Orthodox,1986-06-03,9,4,0,0.0
592,167.64,135.0,165.1,Orthodox,1987-03-22,18,7,0,0.0
590,175.26,135.0,177.8,Orthodox,1988-10-23,13,8,0,0.0
589,190.5,185.0,200.66,Orthodox,1996-10-20,15,3,0,0.0
586,182.88,145.0,187.96,Orthodox,1984-10-17,15,5,0,0.0
585,160.02,115.0,160.02,Orthodox,1991-03-11,14,4,0,0.0
584,177.8,145.0,177.8,Orthodox,1996-03-07,10,3,0,0.0
583,160.02,125.0,160.02,Orthodox,1994-08-18,13,4,0,0.0
579,195.58,205.0,200.66,Orthodox,1991-08-24,21,9,0,0.0
577,177.8,170.0,180.34,Orthodox,1984-08-20,21,7,0,0.0
575,177.8,170.0,187.96,Orthodox,1987-06-25,12,6,0,0.0
574,167.64,145.0,172.72,Orthodox,1990-11-29,9,3,0,0.0
570,185.42,185.0,185.42,Orthodox,1986-09-29,12,6,0,0.0
566,193.04,205.0,200.66,Southpaw,1984-10-12,15,6,0,0.0
564,172.72,145.0,180.34,Orthodox,1987-05-12,12,4,0,0.0
563,180.34,185.0,193.04,Orthodox,1981-05-19,26,2,0,0.0
557,185.42,205.0,187.96,Orthodox,1980-09-24,12,6,0,0.0
556,187.96,205.0,187.96,Orthodox,1984-11-19,4,8,0,0.0
553,182.88,185.0,198.12,Orthodox,1981-04-25,13,3,0,0.0
551,185.42,185.0,180.34,Orthodox,1993-02-27,9,5,0,0.0
550,165.1,135.0,177.8,Orthodox,1990-02-20,10,6,0,0.0
548,177.8,170.0,187.96,Orthodox,1988-01-27,14,9,0,0.0
547,175.26,135.0,187.96,Orthodox,1988-05-26,6,0,0,0.0
545,190.5,185.0,190.5,Orthodox,1981-05-05,9,4,0,0.0
541,170.18,135.0,180.34,Orthodox,1989-07-31,23,4,0,0.0
538,162.56,115.0,157.48,Orthodox,1982-03-19,6,5,0,0.0
535,182.88,170.0,193.04,Orthodox,1989-01-31,11,3,0,0.0
531,170.18,145.0,172.72,Southpaw,1989-03-22,12,5,0,0.0
528,182.88,185.0,190.5,Orthodox,1991-11-15,14,5,0,0.0
527,185.42,155.0,187.96,Switch,1992-12-28,12,6,0,0.0
526,172.72,135.0,180.34,Southpaw,1982-10-08,11,4,0,0.0
523,175.26,170.0,180.34,Southpaw,1984-08-28,19,9,0,0.0
522,182.88,205.0,193.04,Orthodox,1992-02-09,13,4,0,0.0
517,170.18,135.0,177.8,Orthodox,1991-05-29,5,3,0,0.0
512,185.42,185.0,193.04,Orthodox,1991-02-27,28,5,0,0.0
505,165.1,115.0,167.64,Southpaw,1990-12-19,11,0,0,0.0
502,193.04,205.0,190.5,Orthodox,1993-06-15,8,1,0,0.0
495,187.96,185.0,203.2,Southpaw,1989-11-16,7,3,0,0.0
494,172.72,125.0,182.88,Southpaw,1996-01-20,16,5,0,0.0
492,165.1,125.0,167.64,Southpaw,1991-11-07,8,4,0,0.0
484,172.72,145.0,177.8,Orthodox,1983-11-02,29,13,0,0.0
483,185.42,170.0,195.58,Orthodox,1979-06-19,15,6,0,0.0
479,175.26,155.0,180.34,Switch,1993-07-29,10,1,0,0.0
470,190.5,240.0,190.5,Orthodox,1996-09-21,5,1,0,0.0
467,170.18,125.0,177.8,Orthodox,2000-01-27,14,0,0,0.0
466,175.26,155.0,185.42,Orthodox,1988-08-08,27,6,0,0.0
457,177.8,135.0,177.8,Switch,1998-09-09,6,0,0,0.0
456,185.42,170.0,187.96,Orthodox,1981-06-10,15,7,0,0.0
455,182.88,205.0,187.96,Orthodox,1996-07-10,6,0,0,0.0
450,165.1,135.0,160.02,Orthodox,1984-03-12,10,8,0,0.0
447,165.1,135.0,170.18,Orthodox,1990-10-04,11,3,0,0.0
445,170.18,135.0,175.26,Orthodox,1992-01-11,6,1,0,0.0
442,167.64,135.0,165.1,Orthodox,1986-08-18,19,9,0,0.0
441,175.26,145.0,172.72,Southpaw,1977-08-28,17,5,0,0.0
438,185.42,185.0,187.96,Orthodox,1987-12-21,20,9,0,0.0
437,172.72,135.0,177.8,Southpaw,1994-01-09,8,2,0,0.0
429,187.96,185.0,190.5,Orthodox,1981-09-29,16,9,0,0.0
423,170.18,145.0,177.8,Orthodox,1989-06-15,5,1,0,0.0
417,175.26,155.0,185.42,Southpaw,1989-05-01,8,2,0,0.0
416,165.1,145.0,175.26,Orthodox,1988-02-03,7,4,0,0.0
413,187.96,170.0,187.96,Switch,1985-07-11,11,5,0,0.0
412,185.42,185.0,190.5,Orthodox,1988-05-31,16,3,0,0.0
410,180.34,170.0,187.96,Orthodox,1981-01-25,18,9,0,0.0
389,185.42,185.0,187.96,Orthodox,1994-05-19,12,4,0,0.0
388,193.04,205.0,190.5,Orthodox,1990-06-30,7,3,0,0.0
380,170.18,145.0,175.26,Orthodox,1997-01-21,14,0,0,0.0
372,162.56,125.0,165.1,Orthodox,1992-08-02,8,1,0,0.0
371,167.64,135.0,175.26,Orthodox,1997-01-06,7,2,0,0.0
370,177.8,155.0,185.42,Switch,1995-03-25,14,2,0,0.0
369,170.18,135.0,177.8,Orthodox,1995-04-26,16,1,0,0.0
368,177.8,170.0,182.88,Orthodox,1989-09-28,10,4,0,0.0
367,190.5,205.0,200.66,Orthodox,1986-05-11,21,12,0,0.0
361,175.26,155.0,177.8,Orthodox,1981-12-17,13,3,0,0.0
359,175.26,170.0,180.34,Southpaw,1972-05-07,21,9,0,0.0
358,175.26,170.0,177.8,Southpaw,1978-08-24,28,9,0,0.0
356,180.34,145.0,180.34,Orthodox,1991-12-31,11,3,0,0.0
350,170.18,155.0,182.88,Orthodox,1996-10-11,20,3,0,0.0
349,167.64,125.0,172.72,Orthodox,2002-06-22,8,0,0,0.0
347,180.34,155.0,185.42,Orthodox,1984-08-28,10,5,0,0.0
346,167.64,145.0,167.64,Southpaw,1986-06-17,13,3,0,0.0
339,182.88,185.0,187.96,Orthodox,1994-06-13,10,1,0,0.0
338,170.18,125.0,180.34,Orthodox,1998-03-22,8,0,0,0.0
337,180.34,170.0,185.42,Orthodox,1991-12-26,18,4,0,0.0
336,175.26,135.0,180.34,Orthodox,1993-06-05,13,3,0,0.0
335,193.04,205.0,198.12,Orthodox,1996-06-10,8,3,0,0.0
334,182.88,170.0,182.88,Orthodox,1996-07-22,18,7,0,0.0
332,190.5,155.0,195.58,Southpaw,1995-05-18,13,7,0,0.0
329,165.1,125.0,172.72,Southpaw,2002-09-30,6,1,0,0.0
324,170.18,125.0,177.8,Southpaw,1991-08-07,14,2,0,0.0
323,193.04,205.0,195.58,Orthodox,1990-11-07,10,1,0,0.0
315,190.5,185.0,195.58,Southpaw,1993-10-09,3,1,0,0.0
314,190.5,170.0,190.5,Orthodox,1996-04-05,7,3,0,0.0
311,175.26,155.0,177.8,Orthodox,2000-05-08,4,1,0,0.0
310,182.88,170.0,193.04,Switch,1987-05-11,20,3,0,0.0
309,187.96,239.0,200.66,Orthodox,1989-04-01,11,2,0,0.0
308,167.64,125.0,165.1,Orthodox,1979-10-15,10,6,0,0.0
307,167.64,125.0,175.26,Orthodox,1983-06-19,10,4,0,0.0
305,175.26,155.0,182.88,Orthodox,1992-01-16,10,3,0,0.0
304,160.02,135.0,162.56,Orthodox,1974-10-31,12,7,0,0.0
302,187.96,185.0,195.58,Orthodox,1992-11-17,8,2,0,0.0
298,170.18,145.0,172.72,Switch,2001-12-08,11,1,0,0.0
296,165.1,125.0,165.1,Orthodox,2001-10-10,8,1,0,0.0
286,162.56,115.0,165.1,Orthodox,1994-03-26,8,5,0,0.0
284,172.72,155.0,180.34,Southpaw,1985-08-15,12,5,0,0.0
278,170.18,145.0,175.26,Southpaw,1977-07-16,16,5,0,0.0
277,177.8,125.0,182.88,Orthodox,1993-11-19,11,2,0,0.0
272,185.42,240.0,195.58,Orthodox,1982-07-28,14,3,0,0.0
269,182.88,185.0,190.5,Orthodox,1985-07-03,17,5,0,0.0
268,172.72,155.0,185.42,Orthodox,1996-01-16,9,3,0,0.0
262,162.56,115.0,162.56,Orthodox,1995-01-12,5,2,0,0.0
259,185.42,170.0,187.96,Orthodox,1989-12-22,9,4,0,0.0
254,167.64,135.0,170.18,Orthodox,1982-09-26,8,4,0,0.0
252,165.1,115.0,170.18,Orthodox,1992-06-14,13,6,0,0.0
250,190.5,155.0,193.04,Orthodox,1987-02-23,13,5,0,0.0
249,167.64,135.0,172.72,Orthodox,1998-07-27,7,2,0,0.0
247,170.18,135.0,165.1,Orthodox,1982-11-26,13,5,0,0.0
246,172.72,135.0,172.72,Orthodox,1991-08-26,14,3,0,0.0
245,182.88,185.0,185.42,Orthodox,1989-09-25,9,2,0,0.0
238,170.18,135.0,167.64,Southpaw,1989-08-08,5,2,0,0.0
234,182.88,170.0,185.42,Orthodox,1991-03-23,10,5,0,0.0
232,167.64,135.0,172.72,Orthodox,1984-05-06,13,3,0,0.0
230,160.02,115.0,160.02,Switch,1995-06-25,7,3,0,0.0
229,182.88,170.0,187.96,Orthodox,1979-04-26,19,13,0,0.0
228,172.72,145.0,180.34,Orthodox,1996-03-05,8,3,0,0.0
227,167.64,145.0,180.34,Orthodox,1988-09-29,26,2,0,0.0
226,175.26,155.0,180.34,Southpaw,1980-09-05,19,7,0,0.0
219,177.8,155.0,177.8,Orthodox,1987-09-30,12,3,0,0.0
217,180.34,170.0,190.5,Orthodox,1988-04-25,16,9,0,0.0
216,185.42,185.0,190.5,Orthodox,1986-09-19,11,2,0,0.0
211,162.56,125.0,170.18,Switch,1988-08-02,8,4,0,0.0
205,180.34,185.0,185.42,Orthodox,1989-03-01,15,6,0,0.0
204,177.8,155.0,175.26,Orthodox,1992-11-17,5,2,0,0.0
201,182.88,170.0,185.42,Orthodox,1988-12-01,9,5,0,0.0
194,175.26,135.0,180.34,Switch,1992-11-16,5,2,0,0.0
190,172.72,135.0,180.34,Orthodox,1986-03-31,17,9,0,0.0
181,185.42,170.0,200.66,Orthodox,1989-04-11,9,5,0,0.0
180,195.58,170.0,195.58,Orthodox,1995-02-21,8,1,0,0.0
179,160.02,115.0,157.48,Orthodox,1986-01-06,18,12,0,0.0
174,180.34,135.0,190.5,Orthodox,1984-07-16,14,10,0,0.0
173,185.42,185.0,185.42,Orthodox,1982-07-13,17,9,0,0.0
171,182.88,155.0,185.42,Southpaw,1991-12-05,15,6,0,0.0
168,170.18,135.0,170.18,Orthodox,1986-11-15,4,1,0,0.0
167,180.34,170.0,182.88,Orthodox,1993-11-23,5,3,0,0.0
166,172.72,135.0,175.26,Orthodox,1994-05-05,11,3,0,0.0
164,187.96,185.0,198.12,Orthodox,1984-06-17,15,7,0,0.0
162,187.96,234.0,195.58,Orthodox,1975-09-13,8,5,0,0.0
155,167.64,135.0,170.18,Orthodox,1978-10-11,14,5,0,0.0
152,182.88,155.0,180.34,Southpaw,1988-10-22,13,6,0,0.0
151,187.96,170.0,193.04,Orthodox,1990-07-01,14,9,0,0.0
150,182.88,155.0,182.88,Orthodox,1993-06-11,9,2,0,0.0
149,175.26,145.0,175.26,Southpaw,1983-04-12,14,4,0,0.0
147,182.88,155.0,182.88,Orthodox,1980-12-13,7,3,0,0.0
145,165.1,125.0,160.02,Orthodox,1991-05-24,4,5,0,0.0
144,182.88,185.0,185.42,Orthodox,1990-12-20,25,7,0,0.0
143,175.26,155.0,175.26,Switch,1994-10-04,12,6,0,0.0
136,170.18,145.0,167.64,Orthodox,1987-09-15,9,4,0,0.0
135,190.5,185.0,203.2,Orthodox,1992-02-22,11,2,0,0.0
134,185.42,170.0,190.5,Orthodox,1978-05-04,7,4,0,0.0
129,172.72,135.0,185.42,Orthodox,1981-09-07,8,6,0,0.0
128,187.96,185.0,193.04,Orthodox,1986-07-03,15,5,0,0.0
126,182.88,170.0,185.42,Orthodox,1983-12-15,11,3,0,0.0
125,182.88,170.0,195.58,Orthodox,1994-03-30,14,3,0,0.0
124,190.5,235.0,200.66,Orthodox,1990-01-06,9,1,0,0.0
119,187.96,205.0,190.5,Southpaw,1987-07-17,7,3,0,0.0
117,185.42,145.0,185.42,Southpaw,1989-01-24,16,8,0,0.0
116,177.8,155.0,172.72,Orthodox,1983-09-19,16,10,0,0.0
114,167.64,185.0,177.8,Orthodox,1989-06-13,7,3,0,0.0
110,177.8,170.0,177.8,Orthodox,1986-11-07,19,9,0,0.0
106,180.34,145.0,177.8,Orthodox,1983-09-08,1,1,0,0.0
103,167.64,125.0,165.1,Orthodox,1985-12-23,16,8,0,0.0
102,167.64,145.0,175.26,Orthodox,1993-05-08,20,5,0,0.0
101,172.72,185.0,187.96,Orthodox,1993-08-10,7,1,0,0.0
95,180.34,155.0,187.96,Orthodox,1986-10-15,16,9,0,0.0
88,172.72,135.0,167.64,Orthodox,1996-04-18,13,6,0,0.0
87,175.26,135.0,175.26,Orthodox,1989-03-01,20,9,0,0.0
84,172.72,135.0,177.8,Orthodox,1998-04-13,26,7,0,0.0
83,177.8,145.0,180.34,Orthodox,1998-02-28,8,4,0,0.0
68,170.18,135.0,170.18,Switch,1993-02-11,16,5,0,0.0
67,160.02,125.0,157.48,Orthodox,1996-10-01,11,4,0,0.0
66,175.26,185.0,187.96,Orthodox,1988-08-07,9,1,0,0.0
65,170.18,135.0,177.8,Orthodox,1993-11-29,16,4,0,0.0
64,177.8,185.0,185.42,Southpaw,1984-12-07,13,3,0,0.0
55,170.18,145.0,180.34,Orthodox,1997-01-08,24,4,0,0.0
54,170.18,115.0,175.26,Southpaw,1987-10-20,8,8,0,0.0
50,182.88,170.0,187.96,Orthodox,1990-01-18,8,2,0,0.0
48,180.34,170.0,177.8,Southpaw,1974-05-10,18,9,0,0.0
43,175.26,145.0,185.42,Orthodox,1986-06-28,9,6,0,0.0
42,172.72,145.0,182.88,Orthodox,1993-07-31,13,8,0,0.0
41,170.18,125.0,165.1,Orthodox,1991-02-20,9,6,0,0.0
37,175.26,145.0,180.34,Orthodox,1993-05-19,13,2,0,0.0
35,187.96,185.0,187.96,Orthodox,1981-12-19,14,4,0,0.0
33,172.72,135.0,172.72,Orthodox,1987-11-19,10,2,0,0.0
30,180.34,170.0,185.42,Orthodox,1986-12-11,24,7,0,0.0
29,170.18,145.0,175.26,Southpaw,1989-12-14,10,7,0,0.0
26,182.88,170.0,190.5,Orthodox,1990-08-01,17,7,0,0.0
25,172.72,145.0,172.72,Orthodox,1996-10-22,11,4,0,0.0
23,185.42,155.0,195.58,Switch,1999-07-07,14,1,0,0.0
18,172.72,155.0,175.26,Orthodox,1978-07-25,15,4,0,0.0
16,162.56,115.0,160.02,Switch,1989-08-13,24,3,0,0.0
15,187.96,205.0,190.5,Orthodox,1998-08-16,16,6,0,0.0
13,165.1,125.0,162.56,Orthodox,1991-02-07,2,4,0,0.0
12,162.56,125.0,167.64,Switch,1988-08-29,14,9,0,0.0
11,185.42,155.0,190.5,Orthodox,1997-03-21,14,4,0,0.0
7,167.64,145.0,172.72,Southpaw,1982-07-01,10,4,0,0.0
2,170.18,155.0,177.8,Orthodox,1992-04-04,13,1,0,0.0
